Prop_1,Prop_2,Prop_3,Prop_4,Prop_5,Prop_6,Prop_7,Prop_8,Prop_9,performance,Like number,brand
desk,desktop_computer,monitor,screen,sewing_machine,television,laptop,file,printer,0.01768546,596,aftershock
bannister,web_site,crane,comic_book,hook,book_jacket,steel_arch_bridge,barbershop,lighter,0.02189911,738,aftershock
slot,desktop_computer,loudspeaker,projector,television,monitor,screen,desk,home_theater,0.014451039,487,aftershock
dishwasher,desktop_computer,monitor,refrigerator,screen,microwave,hard_disc,washer,printer,0.030385757,1024,aftershock
monitor,desktop_computer,web_site,screen,radio,binder,loudspeaker,notebook,oscilloscope,0.007210682,243,aftershock
monitor,screen,web_site,ballpoint,television,notebook,radio,rubber_eraser,bookcase,0.012047478,406,aftershock
monitor,screen,carton,desktop_computer,computer_keyboard,loudspeaker,file,sewing_machine,projector,0.016765579,565,aftershock
desktop_computer,monitor,hard_disc,screen,desk,trailer_truck,television,stage,notebook,0.021275964,717,aftershock
perfume,digital_clock,television,hourglass,vase,coffee_mug,ashcan,screen,analog_clock,0.054124629,1824,aftershock
desktop_computer,monitor,desk,screen,laptop,computer_keyboard,notebook,mouse,television,0.010652819,359,aftershock
binder,accordion,wardrobe,wallet,shower_curtain,cinema,cassette,envelope,vending_machine,0.020326409,685,aftershock
monitor,desktop_computer,screen,web_site,television,space_heater,modem,mouse,desk,0.009762611,329,aftershock
electric_guitar,abaya,comic_book,bulletproof_vest,book_jacket,stopwatch,jersey,scoreboard,sweatshirt,0.014599407,492,aftershock
screen,tub,stage,accordion,desktop_computer,desk,television,monitor,computer_keyboard,0.024836795,837,aftershock
monitor,screen,hard_disc,desktop_computer,notebook,slot,carpenter's_kit,computer_keyboard,oscilloscope,0.006261128,211,aftershock
web_site,desktop_computer,slot,monitor,screen,television,loudspeaker,hard_disc,spotlight,0.017952522,605,aftershock
notebook,laptop,marimba,groom,miniskirt,desk,flute,gown,hoopskirt,0.00851632,287,aftershock
rotisserie,microwave,reflex_camera,oscilloscope,television,hard_disc,screw,loudspeaker,stove,0.00810089,273,aftershock
stage,cinema,loudspeaker,web_site,home_theater,scoreboard,projector,analog_clock,monitor,0.01347181,454,aftershock
laptop,notebook,desktop_computer,monitor,computer_keyboard,screen,mouse,web_site,desk,0.015311573,516,aftershock
desktop_computer,home_theater,projector,CD_player,notebook,monitor,television,radio,loudspeaker,0.015311573,516,aftershock
hard_disc,radio,CD_player,loudspeaker,cassette,tape_player,oscilloscope,cassette_player,remote_control,0.008545994,288,aftershock
loudspeaker,web_site,scoreboard,comic_book,odometer,car_wheel,cassette_player,analog_clock,oscilloscope,0.054451039,1835,aftershock
switch,medicine_chest,notebook,cassette,radio,desktop_computer,modem,hard_disc,monitor,0.021216617,715,aftershock
cash_machine,slot,vending_machine,web_site,monitor,screen,television,analog_clock,home_theater,0.025548961,861,aftershock
web_site,comic_book,book_jacket,monitor,stage,television,jigsaw_puzzle,home_theater,screen,0.037774481,1273,aftershock
stage,cornet,French_horn,sax,dishwasher,microphone,jersey,sunglasses,sunglass,0.071275964,2402,aftershock
monitor,stage,desktop_computer,screen,theater_curtain,home_theater,desk,television,cinema,0.021364985,720,aftershock
desktop_computer,monitor,screen,television,slot,vending_machine,home_theater,mouse,cash_machine,0.016142433,544,aftershock
web_site,comic_book,book_jacket,binder,scoreboard,wallet,envelope,monitor,desktop_computer,0.008724036,294,aftershock
traffic_light,loudspeaker,radio,CD_player,oscilloscope,printer,notebook,tennis_ball,desktop_computer,0.010356083,349,aftershock
desktop_computer,television,screen,desk,loudspeaker,laptop,monitor,tape_player,projector,0.009109792,307,aftershock
cellular_telephone,bow_tie,sunglasses,parking_meter,sunglass,turnstile,espresso,projector,reflex_camera,0.011364985,383,aftershock
desktop_computer,desk,monitor,laptop,notebook,screen,mouse,television,computer_keyboard,0.008664688,292,aftershock
web_site,space_heater,stove,cassette_player,dishwasher,safe,combination_lock,lighter,electric_fan,0.008041543,271,aftershock
wardrobe,microwave,vending_machine,television,refrigerator,safe,cash_machine,desktop_computer,barbershop,0.00851632,287,aftershock
web_site,iPod,monitor,slot,cellular_telephone,screen,oscilloscope,stage,padlock,0.012017804,405,aftershock
carton,crate,envelope,packet,switch,honeycomb,picket_fence,padlock,mailbox,0.008902077,300,aftershock
cellular_telephone,hard_disc,grand_piano,theater_curtain,radio,joystick,lifeboat,upright,laptop,0.01041543,351,aftershock
desktop_computer,home_theater,mouse,projector,cassette_player,slot,jigsaw_puzzle,radio,monitor,0.018397626,620,aftershock
trailer_truck,garbage_truck,projector,slot,home_theater,snowplow,loudspeaker,television,screen,0.008486647,286,aftershock
desktop_computer,radio,monitor,printer,television,screen,safe,hard_disc,CD_player,0.036379822,1226,aftershock
cassette,tape_player,hard_disc,vending_machine,slot,cassette_player,projector,web_site,trailer_truck,0.006320475,213,aftershock
web_site,fire_engine,sewing_machine,book_jacket,cassette,television,oscilloscope,cash_machine,comic_book,0.008130564,274,aftershock
desk,desktop_computer,monitor,screen,file,projector,home_theater,mouse,printer,0.012967359,437,aftershock
desktop_computer,monitor,screen,desk,web_site,perfume,slot,television,projector,0.0184273,621,aftershock
radio,desktop_computer,oscilloscope,monitor,forklift,hard_disc,television,home_theater,trailer_truck,0.00958457,323,aftershock
radio,loudspeaker,switch,web_site,electric_guitar,laptop,joystick,barbell,notebook,0.013234421,446,aftershock
vending_machine,trailer_truck,monitor,loudspeaker,stage,desktop_computer,fire_engine,television,home_theater,0.016231454,547,aftershock
loudspeaker,microwave,cassette_player,CD_player,television,monitor,safe,Polaroid_camera,radio,0.027151335,915,aftershock
stage,monitor,trailer_truck,shopping_cart,garbage_truck,forklift,abacus,slot,scoreboard,0.013709199,462,aftershock
fire_engine,shopping_cart,shopping_basket,trailer_truck,convertible,carpenter's_kit,accordion,cab,jeep,0.011068249,373,aftershock
fountain,television,screen,desk,desktop_computer,stove,laptop,radio,snowplow,0.01148368,387,aftershock
monitor,desktop_computer,loudspeaker,screen,television,notebook,spotlight,home_theater,analog_clock,0.022195846,748,aftershock
desktop_computer,monitor,stage,screen,television,cinema,home_theater,desk,laptop,0.014777448,498,aftershock
Persian_cat,lynx,bow_tie,Egyptian_cat,tabby,shower_cap,tiger_cat,rule,tub,0.01768546,596,aftershock
streetcar,passenger_car,planetarium,trolleybus,dock,steam_locomotive,amphibian,prison,electric_locomotive,0.015133531,510,aftershock
desktop_computer,desk,mouse,monitor,home_theater,screen,stage,notebook,computer_keyboard,0.01189911,401,aftershock
desktop_computer,slot,loudspeaker,monitor,CD_player,spotlight,radio,vending_machine,screen,0.026587537,896,aftershock
sewing_machine,microwave,desktop_computer,home_theater,cassette,recreational_vehicle,loudspeaker,desk,projector,0.009495549,320,aftershock
desktop_computer,monitor,television,screen,microwave,hard_disc,radio,entertainment_center,home_theater,0.005845697,197,aftershock
stage,digital_clock,turnstile,joystick,monitor,radio,loudspeaker,steam_locomotive,desktop_computer,0.014451039,487,aftershock
television,desktop_computer,home_theater,monitor,loudspeaker,screen,entertainment_center,laptop,CD_player,0.030890208,1041,aftershock
racer,hard_disc,projector,minivan,desktop_computer,snowmobile,motor_scooter,slot,cab,0.008249258,278,aftershock
desktop_computer,screen,desk,monitor,home_theater,computer_keyboard,mouse,trailer_truck,projector,0.012462908,420,aftershock
trailer_truck,fire_engine,monitor,television,forklift,moving_van,screen,vending_machine,rotisserie,0.014332344,483,aftershock
notebook,laptop,television,projector,desktop_computer,stage,loudspeaker,grand_piano,monitor,0.012195846,411,aftershock
loudspeaker,desktop_computer,radio,CD_player,modem,traffic_light,projector,iPod,vending_machine,0.013976261,471,aftershock
monitor,modem,radio,joystick,screen,mouse,notebook,computer_keyboard,web_site,0.008041543,271,aftershock
desk,window_shade,grand_piano,pot,monitor,upright,file,desktop_computer,television,0.005756677,194,aftershock
web_site,cassette,iPod,cellular_telephone,desktop_computer,perfume,hard_disc,envelope,lotion,0.008397626,283,aftershock
radio,cassette_player,CD_player,desktop_computer,tape_player,hard_disc,cassette,monitor,Polaroid_camera,0.010890208,367,aftershock
bookshop,freight_car,prison,vault,forklift,cab,carton,altar,shoe_shop,0.008991098,303,aftershock
comic_book,ice_lolly,web_site,car_mirror,torch,sunglasses,lens_cap,whistle,bubble,0.010801187,364,aftershock
desk,desktop_computer,notebook,monitor,screen,computer_keyboard,mouse,space_bar,printer,0.012225519,412,aftershock
desktop_computer,monitor,hard_disc,screen,binder,notebook,cassette,television,mouse,0.008219585,277,aftershock
cellular_telephone,hand-held_computer,remote_control,modem,radio,iPod,printer,screwdriver,microwave,0.00611276,206,aftershock
cocktail_shaker,Polaroid_camera,sewing_machine,projector,reflex_camera,revolver,drumstick,beaker,cornet,0.009940653,335,aftershock
web_site,notebook,laptop,desktop_computer,screen,monitor,hand-held_computer,envelope,hard_disc,0.020267062,683,aftershock
cassette,accordion,tape_player,cassette_player,safe,reflex_camera,wallet,radio,binder,0.01264095,426,aftershock
monitor,desktop_computer,screen,desk,home_theater,loudspeaker,mouse,television,projector,0.011721068,395,aftershock
screen,monitor,web_site,book_jacket,television,desktop_computer,cash_machine,perfume,coffeepot,0.005756677,194,aftershock
desktop_computer,hard_disc,radio,loudspeaker,modem,projector,monitor,cassette,home_theater,0.015192878,512,aftershock
carton,file,crate,photocopier,safe,padlock,monitor,prison,forklift,0.011661721,393,aftershock
accordion,reflex_camera,cassette,lens_cap,Polaroid_camera,disk_brake,holster,modem,assault_rifle,0.014510386,489,aftershock
television,Chihuahua,notebook,laptop,Pomeranian,monitor,Pembroke,basenji,toaster,0.010623145,358,aftershock
monitor,web_site,television,screen,iPod,cellular_telephone,book_jacket,cash_machine,brassiere,0.009465875,319,aftershock
loudspeaker,projector,home_theater,desktop_computer,radio,CD_player,entertainment_center,traffic_light,monitor,0.010979228,370,aftershock
notebook,laptop,confectionery,groom,wok,desk,caldron,grocery_store,restaurant,0.011632047,392,aftershock
modem,laptop,CD_player,safety_pin,screwdriver,carpenter's_kit,projector,hard_disc,tape_player,0.009198813,310,aftershock
monitor,screen,desktop_computer,web_site,laptop,notebook,television,projector,computer_keyboard,0.017744807,598,aftershock
desktop_computer,monitor,screen,desk,computer_keyboard,notebook,mouse,television,space_bar,0.015964392,538,aftershock
spotlight,table_lamp,radio,stage,lampshade,loudspeaker,desktop_computer,drumstick,accordion,0.012403561,418,aftershock
slot,desktop_computer,loudspeaker,mouse,cinema,printer,sax,CD_player,church,0.008011869,270,aftershock
notebook,laptop,web_site,monitor,desktop_computer,television,screen,projector,computer_keyboard,0.009317507,314,aftershock
analog_clock,digital_clock,television,slot,mailbag,monitor,projector,loudspeaker,buckle,0.021958457,740,aftershock
punching_bag,carton,ashcan,water_bottle,cash_machine,purse,monitor,packet,mailbag,0.010652819,359,aftershock
notebook,laptop,computer_keyboard,abacus,desktop_computer,monitor,screen,radio,typewriter_keyboard,0.010949555,369,aftershock
stage,desktop_computer,spotlight,web_site,monitor,feather_boa,perfume,loudspeaker,abaya,0.008189911,276,aftershock
hard_disc,carpenter's_kit,radio,printer,Polaroid_camera,cassette,joystick,tape_player,oscilloscope,0.019406528,654,aftershock
dishwasher,hard_disc,cassette,carpenter's_kit,Polaroid_camera,tape_player,radio,packet,cassette_player,0.021068249,710,aftershock
desk,screen,monitor,desktop_computer,microwave,dining_table,joystick,mouse,altar,0.01074184,362,aftershock
radio,oscilloscope,CD_player,digital_clock,loudspeaker,hard_disc,printer,tape_player,modem,0.012700297,428,aftershock
cassette,hard_disc,tape_player,vending_machine,cassette_player,projector,slot,Polaroid_camera,switch,0.01388724,468,aftershock
monitor,web_site,desktop_computer,notebook,television,screen,laptop,comic_book,accordion,0.01231454,415,aftershock
desktop_computer,monitor,television,radio,loudspeaker,binder,cassette,modem,screen,0.010445104,352,aftershock
carton,crate,packet,envelope,bookshop,grocery_store,matchstick,jigsaw_puzzle,binder,0.01148368,387,aftershock
radio,notebook,desk,joystick,loudspeaker,desktop_computer,laptop,modem,CD_player,0.01074184,362,aftershock
laptop,notebook,mouse,desktop_computer,monitor,screen,web_site,jigsaw_puzzle,desk,0.011632047,392,aftershock
monitor,desktop_computer,desk,screen,television,projector,home_theater,mouse,notebook,0.01578635,532,aftershock
plow,web_site,carton,envelope,screen,shovel,printer,monitor,screw,0.016172107,545,aftershock
web_site,television,monitor,comic_book,home_theater,projector,laptop,notebook,screen,0.006795252,229,aftershock
carton,crate,file,library,packet,prison,grocery_store,honeycomb,safe,0.01231454,415,aftershock
sewing_machine,desk,pool_table,barber_chair,television,desktop_computer,projector,home_theater,barbershop,0.014154303,477,aftershock
monitor,desktop_computer,screen,home_theater,desk,television,stage,laptop,joystick,0.008130564,274,aftershock
radio,desktop_computer,modem,hard_disc,notebook,loudspeaker,CD_player,accordion,projector,0.014094955,475,aftershock
monitor,stage,toaster,screen,television,garbage_truck,spotlight,digital_clock,desktop_computer,0.011454006,386,aftershock
monitor,screen,web_site,desktop_computer,oscilloscope,television,laptop,notebook,desk,0.017299703,583,aftershock
laptop,notebook,desktop_computer,monitor,mouse,computer_keyboard,screen,web_site,joystick,0.008813056,297,aftershock
loudspeaker,digital_clock,traffic_light,home_theater,scoreboard,switch,odometer,projector,stage,0.009020772,304,aftershock
desktop_computer,monitor,television,vending_machine,radio,screen,medicine_chest,loudspeaker,table_lamp,0.006083086,205,aftershock
slot,desktop_computer,loudspeaker,vending_machine,CD_player,cinema,home_theater,monitor,analog_clock,0.008041543,271,aftershock
notebook,laptop,monitor,desktop_computer,screen,mouse,desk,computer_keyboard,stage,0.011928783,402,aftershock
carton,crate,file,forklift,photocopier,monitor,moving_van,desktop_computer,library,0.013976261,471,aftershock
accordion,space_heater,radio,CD_player,cassette_player,tape_player,loudspeaker,microphone,shopping_basket,0.005934718,200,aftershock
web_site,slot,loudspeaker,projector,television,sax,stage,monitor,printer,0.013620178,459,aftershock
web_site,monitor,screen,television,desktop_computer,notebook,laptop,home_theater,computer_keyboard,0.018694362,630,aftershock
monitor,screen,desktop_computer,joystick,home_theater,projector,desk,space_bar,microwave,0.020237389,682,aftershock
home_theater,television,monitor,screen,slot,web_site,loudspeaker,scoreboard,cinema,0.018664688,629,aftershock
wallet,notebook,binder,laptop,book_jacket,carton,monitor,packet,purse,0.010801187,364,aftershock
web_site,comic_book,trailer_truck,jeep,recreational_vehicle,stage,printer,amphibian,vending_machine,0.008338279,281,aftershock
slot,comic_book,cinema,monitor,web_site,television,vending_machine,home_theater,spotlight,0.008635015,291,aftershock
radio,monitor,oscilloscope,screen,toaster,microwave,desk,desktop_computer,loudspeaker,0.011246291,379,aftershock
desktop_computer,loudspeaker,radio,monitor,oscilloscope,cassette,modem,CD_player,notebook,0.015578635,525,aftershock
carton,crate,safe,padlock,grocery_store,file,combination_lock,prison,refrigerator,0.012611276,425,aftershock
web_site,monitor,television,screen,book_jacket,home_theater,cinema,scoreboard,jigsaw_puzzle,0.021691395,731,aftershock
desktop_computer,desk,monitor,space_bar,computer_keyboard,typewriter_keyboard,screen,notebook,television,0.018844481,91,ergotune
mouse,desktop_computer,desk,radio,loudspeaker,hard_disc,iPod,monitor,water_bottle,0.02153655,104,ergotune
miniature_poodle,toy_poodle,otterhound,standard_poodle,Irish_terrier,Airedale,Lakeland_terrier,Norwich_terrier,teddy,0.017601988,85,ergotune
barber_chair,space_heater,radiator,window_shade,barbershop,rocking_chair,electric_fan,accordion,throne,0.028577345,138,ergotune
grand_piano,desk,desktop_computer,monitor,television,dining_table,entertainment_center,upright,home_theater,0.019465728,94,ergotune
oboe,feather_boa,miniskirt,handkerchief,jean,flute,sarong,bathing_cap,unicycle,0.025471112,123,ergotune
desk,sewing_machine,desktop_computer,radio,file,barber_chair,television,screen,monitor,0.010561193,51,ergotune
accordion,desk,barber_chair,ashcan,space_heater,cassette_player,file,typewriter_keyboard,park_bench,0.007247877,35,ergotune
park_bench,accordion,rocking_chair,window_shade,desk,throne,sewing_machine,grand_piano,barber_chair,0.008283288,40,ergotune
desktop_computer,desk,projector,monitor,sewing_machine,espresso_maker,television,table_lamp,screen,0.006626631,32,ergotune
patio,shopping_cart,window_screen,desk,window_shade,rocking_chair,greenhouse,restaurant,china_cabinet,0.009525782,46,ergotune
desk,desktop_computer,file,television,projector,library,barbershop,barber_chair,grand_piano,0.010768275,52,ergotune
Pomeranian,Samoyed,keeshond,Persian_cat,desk,desktop_computer,chow,Chihuahua,toy_poodle,0.009525782,46,ergotune
grand_piano,rocking_chair,throne,shoe_shop,barber_chair,sea_lion,drum,harp,dining_table,0.008697453,42,ergotune
desk,desktop_computer,file,notebook,screen,monitor,printer,laptop,mouse,0.00745496,36,ergotune
rocking_chair,desk,patio,dining_table,window_shade,space_heater,park_bench,barber_chair,file,0.006419549,31,ergotune
rocking_chair,barber_chair,studio_couch,dining_table,park_bench,throne,folding_chair,desk,face_powder,0.007247877,35,ergotune
notebook,computer_keyboard,desk,desktop_computer,space_bar,laptop,typewriter_keyboard,mouse,monitor,0.008076206,39,ergotune
guillotine,sewing_machine,barbershop,desk,barber_chair,power_drill,hand_blower,beaker,toilet_seat,0.005384138,26,ergotune
desk,barber_chair,television,rocking_chair,desktop_computer,screen,barbershop,home_theater,monitor,0.004969973,24,ergotune
rocking_chair,park_bench,grand_piano,desktop_computer,accordion,upright,barber_chair,television,space_heater,0.003520398,17,ergotune
accordion,desk,sewing_machine,joystick,modem,microphone,chain_mail,typewriter_keyboard,radio,0.004969973,24,ergotune
espresso_maker,barber_chair,accordion,desk,park_bench,plate_rack,space_heater,projector,television,0.004969973,24,ergotune
rocking_chair,dining_table,home_theater,throne,stove,Polaroid_camera,fire_screen,loudspeaker,jersey,0.006419549,31,ergotune
desk,desktop_computer,radio,monitor,screen,modem,loudspeaker,file,patio,0.005384138,26,ergotune
desktop_computer,monitor,screen,laptop,desk,notebook,mouse,television,computer_keyboard,0.005798302,28,ergotune
accordion,window_shade,grand_piano,suit,notebook,television,tub,jean,projector,0.003934562,19,ergotune
Chihuahua,dingo,Pembroke,Labrador_retriever,Cardigan,Pomeranian,German_shepherd,Norwich_terrier,chow,0.003934562,19,ergotune
desk,notebook,dining_table,laptop,desktop_computer,candle,jigsaw_puzzle,grand_piano,table_lamp,0.003106233,15,ergotune
microwave,upright,television,desk,desktop_computer,grand_piano,radio,space_heater,electric_fan,0.003934562,19,ergotune
tripod,sewing_machine,toilet_seat,folding_chair,corkscrew,desk,tricycle,hook,barber_chair,0.003106233,15,ergotune
Pembroke,Cardigan,dingo,Chihuahua,printer,coyote,red_wolf,red_fox,grey_fox,0.00372748,18,ergotune
web_site,menu,barber_chair,tricycle,bicycle-built-for-two,shopping_cart,tripod,loupe,sewing_machine,0.004762891,23,ergotune
rocking_chair,barber_chair,desk,dining_table,throne,laptop,studio_couch,notebook,table_lamp,0.006626631,32,ergotune
web_site,guillotine,china_cabinet,book_jacket,jean,Windsor_tie,abaya,shoji,pool_table,0.006626631,32,ergotune
barber_chair,desk,spotlight,barbell,folding_chair,notebook,space_heater,rocking_chair,barbershop,0.007869124,38,ergotune
hook,web_site,notebook,rule,screw,stopwatch,analog_clock,nail,envelope,0.081590391,394,ergotune
barber_chair,rain_barrel,toilet_seat,barrel,rocking_chair,file,tub,washbasin,sliding_door,0.00559122,27,ergotune
barber_chair,throne,desk,tripod,dining_table,cuirass,espresso_maker,bulletproof_vest,joystick,0.008076206,39,ergotune
window_shade,sliding_door,bookcase,entertainment_center,home_theater,studio_couch,wardrobe,wall_clock,dining_table,0.005798302,28,ergotune
grand_piano,window_shade,upright,desk,altar,sliding_door,china_cabinet,shower_curtain,television,0.009525782,46,ergotune
desktop_computer,television,desk,projector,screen,spotlight,monitor,stove,radio,0.00372748,18,ergotune
desk,screen,library,desktop_computer,restaurant,sewing_machine,monitor,mouse,television,0.007247877,35,ergotune
barrow,rocking_chair,grand_piano,cello,harp,desktop_computer,pool_table,desk,park_bench,0.003934562,19,ergotune
television,laptop,candle,notebook,kimono,screen,monitor,groom,sombrero,0.00186374,9,ergotune
desktop_computer,desk,screen,computer_keyboard,mouse,monitor,notebook,laptop,joystick,0.002070822,10,ergotune
seat_belt,holster,carpenter's_kit,joystick,microphone,accordion,tripod,mouse,remote_control,0.004310588,14656,logitechg
gasmask,neck_brace,running_shoe,pencil_box,sandal,snorkel,knee_pad,iron,purse,0.004867647,16550,logitechg
monitor,screen,mouse,home_theater,desktop_computer,television,desk,computer_keyboard,notebook,0.007721471,26253,logitechg
mouse,computer_keyboard,iron,desktop_computer,remote_control,modem,sandal,quill,electric_fan,0.00434,14756,logitechg
monitor,screen,desktop_computer,home_theater,television,loudspeaker,window_screen,scoreboard,car_mirror,0.006251765,21256,logitechg
iron,vacuum,spotlight,sandal,whistle,microphone,Polaroid_camera,pencil_sharpener,knot,0.007584706,25788,logitechg
hook,whistle,rule,oscilloscope,stethoscope,washbasin,hand_blower,handkerchief,bathtub,0.011443529,38908,logitechg
desktop_computer,computer_keyboard,remote_control,monitor,mouse,wall_clock,screen,desk,joystick,0.010370294,35259,logitechg
clog,mouse,cowboy_boot,sandal,mask,running_shoe,Loafer,soccer_ball,sock,0.005497353,18691,logitechg
desktop_computer,desk,monitor,laptop,radio,mountain_bike,screen,projector,tricycle,0.006251765,21256,logitechg
web_site,comic_book,jersey,book_jacket,menu,loudspeaker,hard_disc,abaya,envelope,0.00482,16388,logitechg
mouse,clog,Loafer,cowboy_boot,cellular_telephone,lighter,sandal,pick,mousetrap,0.004257353,14475,logitechg
barbell,joystick,dumbbell,reflex_camera,waffle_iron,purse,stopwatch,crash_helmet,gasmask,0.004289706,14585,logitechg
toyshop,snorkel,gasmask,brassiere,pencil_box,diaper,face_powder,packet,hair_spray,0.004011765,13640,logitechg
screw,switch,analog_clock,traffic_light,street_sign,digital_clock,whistle,chain,wall_clock,0.005448824,18526,logitechg
web_site,monitor,book_jacket,television,screen,envelope,menu,iPod,stopwatch,0.008182941,27822,logitechg
monitor,desktop_computer,screen,home_theater,television,computer_keyboard,desk,web_site,loudspeaker,0.002815,9571,logitechg
mouse,sandal,running_shoe,clog,buckle,Loafer,shoe_shop,stopwatch,pencil_box,0.021432353,72870,logitechg
web_site,book_jacket,comic_book,packet,jersey,cash_machine,sunglasses,torch,Band_Aid,0.003787647,12878,logitechg
racer,go-kart,bobsled,web_site,mousetrap,fountain_pen,sax,sunglasses,panpipe,0.004677353,15903,logitechg
desktop_computer,home_theater,radio,monitor,microwave,screen,desk,television,joystick,0.003745882,12736,logitechg
mouse,modem,desktop_computer,remote_control,computer_keyboard,radio,CD_player,printer,cellular_telephone,0.002257647,7676,logitechg
comic_book,desktop_computer,monitor,toyshop,jigsaw_puzzle,desk,carton,computer_keyboard,television,0.003693529,12558,logitechg
reflex_camera,joystick,car_mirror,tripod,oil_filter,scuba_diver,CD_player,cellular_telephone,lens_cap,0.003748824,12746,logitechg
cradle,bathtub,bassinet,tub,crib,bucket,chest,hamper,carton,0.006209706,21113,logitechg
baseball,maraca,mouse,crash_helmet,croquet_ball,ocarina,football_helmet,mask,buckle,0.005835,19839,logitechg
golf_ball,soccer_ball,baseball,rugby_ball,water_bottle,ping-pong_ball,tennis_ball,beer_bottle,bottlecap,0.0056,19040,logitechg
chest,purse,mailbag,wreck,pencil_box,sandal,wallet,bobsled,warplane,0.010539412,35834,logitechg
web_site,bubble,comic_book,monitor,television,fountain,church,book_jacket,space_shuttle,0.013744412,46731,logitechg
monitor,laptop,stage,computer_keyboard,screen,notebook,desktop_computer,scoreboard,cinema,0.004530588,15404,logitechg
neck_brace,gasmask,running_shoe,sandal,pencil_box,knee_pad,snorkel,iron,whistle,0.005637941,19169,logitechg
electric_fan,projector,safe,buckle,padlock,sewing_machine,microphone,hard_disc,spotlight,0.005949706,20229,logitechg
bubble,spotlight,microphone,stage,maillot,strainer,feather_boa,pole,maraca,0.006802353,23128,logitechg
mouse,lampshade,table_lamp,coffeepot,gong,shield,water_tower,punching_bag,drum,0.010541765,35842,logitechg
iPod,cellular_telephone,lighter,laptop,remote_control,modem,hard_disc,notebook,computer_keyboard,0.005872647,19967,logitechg
web_site,jigsaw_puzzle,comic_book,church,television,monitor,envelope,slot,bubble,0.016908824,57490,logitechg
neck_brace,seat_belt,carpenter's_kit,gasmask,screw,crash_helmet,backpack,buckle,knee_pad,0.009684412,32927,logitechg
football_helmet,slot,comic_book,crash_helmet,bobsled,oxygen_mask,scuba_diver,cash_machine,space_shuttle,0.006756765,22973,logitechg
desktop_computer,screen,monitor,desk,computer_keyboard,laptop,mouse,notebook,television,0.020940588,71198,logitechg
golfcart,seat_belt,limousine,Model_T,joystick,minivan,monitor,convertible,neck_brace,0.007475882,25418,logitechg
laptop,notebook,desktop_computer,desk,computer_keyboard,mouse,monitor,iPod,joystick,0.012763529,43396,logitechg
computer_keyboard,iPod,cassette,space_bar,laptop,lighter,cellular_telephone,carton,tub,0.005685588,19331,logitechg
doormat,abacus,bottlecap,computer_keyboard,brass,tile_roof,joystick,laptop,prayer_rug,0.004052941,13780,logitechg
mouse,joystick,remote_control,computer_keyboard,beer_bottle,wine_bottle,desktop_computer,screwdriver,pop_bottle,0.003316471,11276,logitechg
radio,parking_meter,dumbbell,laptop,barbell,half_track,pay-phone,desktop_computer,gas_pump,0.004986176,16953,logitechg
mouse,computer_keyboard,cellular_telephone,remote_control,modem,space_bar,joystick,notebook,buckle,0.016878824,57388,logitechg
monitor,theater_curtain,desktop_computer,stage,home_theater,screen,cinema,laptop,mouse,0.011176471,38000,logitechg
monitor,desktop_computer,screen,home_theater,web_site,notebook,laptop,desk,television,0.012104118,41154,logitechg
mouse,Band_Aid,pencil_box,ocarina,clog,space_shuttle,punching_bag,modem,wine_bottle,0.010007941,34027,logitechg
desk,sewing_machine,microwave,screen,monitor,desktop_computer,dining_table,fire_engine,stove,0.014237059,48406,logitechg
monitor,screen,slot,stage,desktop_computer,vending_machine,wallet,computer_keyboard,feather_boa,0.018274706,62134,logitechg
desktop_computer,monitor,computer_keyboard,desk,mouse,screen,notebook,printer,laptop,0.005646471,19198,logitechg
book_jacket,web_site,brass,comic_book,menu,dugong,electric_ray,plastic_bag,loggerhead,0.00283,9622,logitechg
laptop,joystick,sewing_machine,desk,notebook,desktop_computer,jigsaw_puzzle,computer_keyboard,monitor,0.005282353,17960,logitechg
desk,dining_table,grand_piano,desktop_computer,stove,studio_couch,home_theater,monitor,washbasin,0.008041471,27341,logitechg
desk,upright,desktop_computer,accordion,marimba,table_lamp,grand_piano,file,monitor,0.003550588,12072,logitechg
mouse,microphone,seat_belt,notebook,hand_blower,radio,vacuum,mousetrap,modem,0.028402353,96568,logitechg
monitor,desktop_computer,screen,television,home_theater,mouse,computer_keyboard,desk,scoreboard,0.004306471,14642,logitechg
analog_clock,wall_clock,scale,candle,slot,lighter,web_site,padlock,hourglass,0.019229706,65381,logitechg
computer_keyboard,mouse,modem,remote_control,cellular_telephone,joystick,space_bar,radio,CD_player,0.006555588,22289,logitechg
spotlight,joystick,projector,microphone,electric_fan,desktop_computer,pay-phone,monitor,mouse,0.005388235,18320,logitechg
desktop_computer,monitor,desk,screen,mouse,computer_keyboard,television,joystick,printer,0.020456176,69551,logitechg
mouse,computer_keyboard,projector,desktop_computer,screen,joystick,laptop,monitor,remote_control,0.011607647,39466,logitechg
desktop_computer,desk,monitor,joystick,mouse,home_theater,screen,altar,web_site,0.006461176,21968,logitechg
power_drill,hand_blower,chain_saw,vacuum,football_helmet,remote_control,assault_rifle,toaster,Crock_Pot,0.037815882,128574,logitechg
web_site,puck,car_wheel,Polaroid_camera,crash_helmet,magnetic_compass,reflex_camera,spotlight,jeep,0.010018529,34063,logitechg
hair_slide,buckle,cellular_telephone,iron,purse,pencil_box,sandal,lotion,wallet,0.007642941,25986,logitechg
mouse,computer_keyboard,desktop_computer,joystick,monitor,space_bar,screen,typewriter_keyboard,desk,0.011572941,39348,logitechg
power_drill,switch,modem,remote_control,screwdriver,toaster,carpenter's_kit,tripod,joystick,0.007956176,27051,logitechg
joystick,screwdriver,hand_blower,assault_rifle,hammer,television,home_theater,notebook,iron,0.005235882,17802,logitechg
barbell,projector,chain_saw,joystick,oxygen_mask,forklift,scuba_diver,dumbbell,garbage_truck,0.003946765,13419,logitechg
mouse,desktop_computer,joystick,loudspeaker,monitor,screen,remote_control,computer_keyboard,CD_player,0.005037647,17128,logitechg
knot,spotlight,coil,microphone,iron,candle,whistle,bubble,mouse,0.008535,29019,logitechg
projector,spotlight,loupe,monitor,electric_fan,park_bench,gong,barber_chair,joystick,0.004855882,16510,logitechg
padlock,combination_lock,knot,hook,bubble,safety_pin,nipple,bib,chain,0.011294706,38402,logitechg
radio,modem,CD_player,buckle,joystick,carpenter's_kit,hand-held_computer,monitor,purse,0.006921176,23532,logitechg
desk,mouse,computer_keyboard,desktop_computer,monitor,remote_control,joystick,screen,radio,0.004855588,16509,logitechg
ping-pong_ball,bobsled,monitor,sewing_machine,home_theater,television,projector,screen,paddlewheel,0.011947941,40623,logitechg
syringe,sweatshirt,trench_coat,microphone,stage,sunglass,monitor,cloak,Band_Aid,0.016297647,55412,logitechg
envelope,computer_keyboard,web_site,carton,shower_curtain,toilet_tissue,binder,washer,plastic_bag,0.013670882,46481,logitechg
mouse,toaster,ashcan,digital_clock,pencil_sharpener,projector,folding_chair,scale,mountain_tent,0.006087353,20697,logitechg
grand_piano,upright,laptop,desktop_computer,desk,space_bar,home_theater,television,organ,0.016406471,55782,logitechg
lampshade,table_lamp,monitor,wallet,desktop_computer,shoe_shop,iPod,desk,scoreboard,0.008990294,30567,logitechg
mouse,iPod,cellular_telephone,computer_keyboard,modem,remote_control,laptop,dial_telephone,notebook,0.006390294,21727,logitechg
mouse,CD_player,cellular_telephone,crash_helmet,joystick,computer_keyboard,remote_control,cassette_player,space_heater,0.008391471,28531,logitechg
mouse,jigsaw_puzzle,comic_book,printer,computer_keyboard,joystick,violin,laptop,notebook,0.001547059,5260,logitechg
mouse,modem,joystick,radio,vacuum,mousetrap,computer_keyboard,remote_control,CD_player,0.003278529,11147,logitechg
punching_bag,sleeping_bag,mouse,cellular_telephone,submarine,backpack,sombrero,desktop_computer,shield,0.008555588,29089,logitechg
desktop_computer,screen,monitor,desk,laptop,mouse,computer_keyboard,notebook,projector,0.005447353,18521,logitechg
desktop_computer,monitor,notebook,screen,computer_keyboard,mouse,laptop,desk,home_theater,0.009374412,31873,logitechg
mouse,cellular_telephone,modem,iPod,pencil_box,computer_keyboard,purse,CD_player,hard_disc,0.003059706,10403,logitechg
web_site,vending_machine,menu,meat_loaf,book_jacket,isopod,monitor,comic_book,cash_machine,0.009398824,31956,logitechg
typewriter_keyboard,joystick,computer_keyboard,mouse,desktop_computer,screen,radio,space_bar,monitor,0.016688529,56741,logitechg
laptop,hand-held_computer,envelope,desktop_computer,television,screen,notebook,pencil_box,wallet,0.006140294,20877,logitechg
computer_keyboard,laptop,mouse,notebook,desktop_computer,space_bar,joystick,monitor,typewriter_keyboard,0.004267647,14510,logitechg
monitor,desktop_computer,screen,computer_keyboard,mouse,space_bar,desk,modem,joystick,0.020565882,69924,logitechg
crossword_puzzle,computer_keyboard,rule,handkerchief,slide_rule,space_bar,mouse,typewriter_keyboard,manhole_cover,0.005021765,17074,logitechg
desktop_computer,iPod,safety_pin,screen,monitor,mouse,printer,cellular_telephone,loudspeaker,0.007259118,24681,logitechg
mouse,desktop_computer,wallet,modem,rugby_ball,CD_player,soccer_ball,binder,loupe,0.001976471,6720,logitechg
mouse,mask,banjo,electric_guitar,wall_clock,cellular_telephone,acoustic_guitar,soccer_ball,printer,0.005754412,19565,logitechg
microphone,kimono,French_horn,ping-pong_ball,sax,notebook,ballplayer,banjo,stage,0.010866176,36945,logitechg
desktop_computer,monitor,screen,computer_keyboard,mouse,notebook,television,home_theater,laptop,0.008261471,28089,logitechg
pencil_sharpener,lens_cap,mouse,mousetrap,purse,washbasin,pick,Band_Aid,buckle,0.008345882,28376,logitechg
desktop_computer,monitor,screen,television,notebook,laptop,home_theater,desk,iPod,0.004674706,15894,logitechg
mouse,safety_pin,can_opener,toaster,Band_Aid,screw,paddle,shovel,spatula,0.004387059,14916,logitechg
web_site,jigsaw_puzzle,custard_apple,envelope,iron,water_jug,monitor,shower_curtain,banana,0.010855588,36909,logitechg
combination_lock,projector,reflex_camera,microphone,spotlight,safe,radio,magnetic_compass,padlock,0.017345882,58976,logitechg
web_site,television,screen,menu,brass,cash_machine,monitor,book_jacket,laptop,0.005654412,19225,logitechg
loudspeaker,projector,spotlight,car_wheel,lens_cap,electric_fan,CD_player,reflex_camera,washer,0.010567353,35929,logitechg
microphone,muzzle,spotlight,loupe,cornet,combination_lock,projector,tripod,stethoscope,0.017099706,58139,logitechg
web_site,notebook,loudspeaker,digital_clock,laptop,cellular_telephone,iPod,jersey,lighter,0.009002353,30608,logitechg
mouse,stage,perfume,grand_piano,projector,space_bar,balance_beam,typewriter_keyboard,paintbrush,0.014534118,49416,logitechg
mouse,remote_control,modem,radio,desktop_computer,CD_player,projector,loudspeaker,monitor,0.004330882,14725,logitechg
lens_cap,modem,mouse,remote_control,mousetrap,holster,wallet,switch,safety_pin,0.006755882,22970,logitechg
bubble,hamper,ashcan,feather_boa,bucket,mask,padlock,carton,parking_meter,0.002108529,7169,logitechg
mouse,joystick,mousetrap,CD_player,sewing_machine,cassette_player,iron,lighter,radio,0.003255588,11069,logitechg
sandal,iron,vacuum,scorpion,web_site,padlock,cassette_player,mailbag,muzzle,0.012135882,41262,logitechg
mouse,sandal,clog,Loafer,buckle,modem,wok,neck_brace,crash_helmet,0.00695,23630,logitechg
mouse,crash_helmet,cellular_telephone,vacuum,joystick,CD_player,perfume,desktop_computer,football_helmet,0.010744706,36532,logitechg
remote_control,modem,mouse,CD_player,radio,computer_keyboard,stopwatch,space_bar,hand-held_computer,0.003569706,12137,logitechg
web_site,church,fountain,barn,jigsaw_puzzle,comic_book,book_jacket,castle,volcano,0.012026176,40889,logitechg
mouse,computer_keyboard,desktop_computer,monitor,screen,desk,modem,remote_control,joystick,0.011835588,40241,logitechg
mouse,computer_keyboard,remote_control,joystick,desktop_computer,modem,radio,iPod,space_bar,0.005418235,18422,logitechg
iron,sandal,crash_helmet,sewing_machine,table_lamp,neck_brace,electric_fan,bassinet,vacuum,0.016037941,54529,logitechg
sandal,mouse,pencil_box,safety_pin,toilet_tissue,iPod,shoe_shop,clog,bucket,0.005915,20111,logitechg
mouse,CD_player,remote_control,waffle_iron,loudspeaker,modem,computer_keyboard,lens_cap,radio,0.008810882,29957,logitechg
running_shoe,bib,knot,sandal,diaper,sock,shoe_shop,pencil_box,football_helmet,0.006134706,20858,logitechg
mouse,modem,Loafer,cellular_telephone,sandal,punching_bag,wall_clock,clog,airship,0.006988529,23761,logitechg
monitor,desktop_computer,screen,desk,modem,television,vacuum,table_lamp,barbershop,0.004174412,14193,logitechg
mouse,crash_helmet,modem,wok,mousetrap,bathing_cap,vacuum,shovel,can_opener,0.006186765,21035,logitechg
envelope,web_site,binder,laptop,packet,cash_machine,plastic_bag,modem,gas_pump,0.006787353,23077,logitechg
mouse,cellular_telephone,rule,crossword_puzzle,lens_cap,remote_control,computer_keyboard,slide_rule,notebook,0.013297647,45212,logitechg
neck_brace,sandal,running_shoe,clog,buckle,swab,nipple,sunglasses,sunglass,0.006345588,21575,logitechg
desk,table_lamp,desktop_computer,notebook,dining_table,monitor,studio_couch,laptop,screen,0.022292059,75793,logitechg
mouse,computer_keyboard,radio,projector,reflex_camera,desktop_computer,joystick,loupe,modem,0.005494706,18682,logitechg
mouse,cellular_telephone,modem,barrow,remote_control,bathtub,computer_keyboard,desktop_computer,mousetrap,0.004666471,15866,logitechg
mouse,vacuum,modem,ashcan,pencil_sharpener,remote_control,pill_bottle,dumbbell,beaker,0.013469706,45797,logitechg
monitor,desktop_computer,screen,television,home_theater,desk,slot,computer_keyboard,vending_machine,0.007175294,24396,logitechg
mouse,lens_cap,crash_helmet,sandal,hair_slide,sunglass,killer_whale,remote_control,modem,0.008067941,27431,logitechg
barber_chair,desk,barbershop,desktop_computer,monitor,dining_table,restaurant,medicine_chest,screen,0.008314706,28270,logitechg
steel_arch_bridge,mouse,rule,planetarium,sandal,pier,magnetic_compass,ping-pong_ball,grand_piano,0.006817941,23181,logitechg
racer,sports_car,car_wheel,cab,go-kart,beach_wagon,convertible,amphibian,limousine,0.010226176,34769,logitechg
joystick,reflex_camera,bubble,combination_lock,car_mirror,hard_disc,sewing_machine,muzzle,lens_cap,0.006805882,23140,logitechg
joystick,power_drill,chain_saw,tractor,remote_control,Christmas_stocking,rule,jigsaw_puzzle,CD_player,0.005328235,18116,logitechg
joystick,screen,monitor,desktop_computer,television,remote_control,hand-held_computer,computer_keyboard,mouse,0.018096765,61529,logitechg
web_site,French_horn,cornet,iron,car_wheel,sewing_machine,cannon,tractor,sax,0.002062941,7014,logitechg
iron,plate_rack,hook,loupe,whistle,dial_telephone,can_opener,web_site,dumbbell,0.011722941,39858,logitechg
computer_keyboard,mouse,space_bar,desktop_computer,notebook,desk,laptop,modem,screen,0.025097059,85330,logitechg
remote_control,computer_keyboard,laptop,space_bar,hand-held_computer,cellular_telephone,mouse,joystick,modem,0.020675,70295,logitechg
cassette,wallet,modem,hard_disc,iPod,binder,Polaroid_camera,pencil_box,carpenter's_kit,0.019754412,67165,logitechg
mouse,vacuum,mousetrap,bullet_train,car_wheel,long-horned_beetle,modem,cellular_telephone,cassette_player,0.026702059,90787,logitechg
mouse,cellular_telephone,rugby_ball,crash_helmet,remote_control,hand_blower,CD_player,knee_pad,pick,0.008471765,28804,logitechg
switch,web_site,mouse,ocarina,buckle,monitor,vending_machine,sewing_machine,mailbag,0.010809118,36751,logitechg
mouse,cellular_telephone,modem,radio,remote_control,pencil_sharpener,lighter,joystick,hook,0.012118529,41203,logitechg
mouse,wall_clock,remote_control,analog_clock,cellular_telephone,iron,switch,modem,clog,0.009415882,32014,logitechg
projector,buckle,crash_helmet,monitor,spotlight,loudspeaker,pencil_sharpener,electric_fan,pay-phone,0.006940294,23597,logitechg
mouse,cellular_telephone,clog,lighter,modem,remote_control,computer_keyboard,mousetrap,safety_pin,0.004105588,13959,logitechg
computer_keyboard,mouse,desktop_computer,laptop,screen,notebook,space_bar,monitor,joystick,0.012547941,42663,logitechg
mouse,punching_bag,cocktail_shaker,lighter,cellular_telephone,safety_pin,toaster,desktop_computer,mousetrap,0.006502647,22109,logitechg
packet,Band_Aid,sewing_machine,lotion,spatula,paintbrush,hand_blower,pick,ice_cream,0.020961176,71268,logitechg
computer_keyboard,abacus,laptop,mouse,space_bar,notebook,remote_control,grand_piano,typewriter_keyboard,0.003897059,13250,logitechg
punching_bag,croquet_ball,mouse,clog,microphone,hand_blower,Loafer,cocktail_shaker,maraca,0.004105882,13960,logitechg
computer_keyboard,mouse,remote_control,typewriter_keyboard,desktop_computer,space_bar,dial_telephone,joystick,hand-held_computer,0.011712353,39822,logitechg
mouse,computer_keyboard,laptop,Eskimo_dog,malamute,Siamese_cat,Siberian_husky,monitor,notebook,0.012773235,43429,logitechg
mouse,safety_pin,mousetrap,remote_control,necklace,clog,cellular_telephone,microphone,chain,0.005231176,17786,logitechg
monitor,screen,desktop_computer,television,scoreboard,web_site,laptop,notebook,computer_keyboard,0.012139412,41274,logitechg
wall_clock,pick,ashcan,safety_pin,mask,iPod,mouse,switch,gong,0.017575882,59758,logitechg
computer_keyboard,mouse,microphone,radio,lens_cap,space_bar,loupe,typewriter_keyboard,vacuum,0.007261471,24689,logitechg
desk,laptop,computer_keyboard,cellular_telephone,desktop_computer,hair_spray,vacuum,mouse,screen,0.005573529,18950,logitechg
cassette,tape_player,cassette_player,cellular_telephone,radio,iPod,packet,switch,joystick,0.002328824,7918,logitechg
toilet_seat,pay-phone,sewing_machine,shopping_basket,rocking_chair,cradle,shoe_shop,desk,toyshop,0.005381176,18296,logitechg
mouse,Band_Aid,buckle,rugby_ball,piggy_bank,purse,airship,safety_pin,lotion,0.004332059,14729,logitechg
electric_fan,joystick,projector,computer_keyboard,monitor,loupe,loudspeaker,laptop,CD_player,0.018891765,64232,logitechg
ping-pong_ball,mouse,pill_bottle,scale,carton,chain,soccer_ball,radio,cellular_telephone,0.006402647,21769,logitechg
soccer_ball,mouse,rugby_ball,crash_helmet,buckle,seat_belt,volleyball,toaster,knee_pad,0.004953824,16843,logitechg
mouse,desktop_computer,monitor,screen,computer_keyboard,notebook,joystick,remote_control,modem,0.00368,12512,logitechg
clog,Band_Aid,pick,paddle,sandal,sock,mouse,buckle,sleeping_bag,0.00519,17646,logitechg
web_site,book_jacket,screen,stopwatch,monitor,television,digital_clock,oscilloscope,menu,0.010756765,36573,logitechg
nematode,hook,combination_lock,knot,iron,sandal,buckle,safety_pin,padlock,0.009721765,33054,logitechg
mouse,iPod,desktop_computer,computer_keyboard,monitor,digital_clock,laptop,CD_player,notebook,0.005576176,18959,logitechg
dumbbell,microphone,mouse,bath_towel,iPod,chain,pillow,hook,switch,0.002752941,9360,logitechg
lens_cap,bathing_cap,modem,remote_control,projector,CD_player,mouse,joystick,paper_towel,0.01313,44642,logitechg
hourglass,perfume,bucket,microphone,harp,spotlight,tripod,mailbag,backpack,0.005411471,18399,logitechg
envelope,web_site,binder,plastic_bag,packet,street_sign,paper_towel,cash_machine,modem,0.006195882,21066,logitechg
desktop_computer,monitor,desk,screen,mouse,computer_keyboard,notebook,home_theater,radio,0.011115588,37793,logitechg
sandal,combination_lock,mouse,computer_keyboard,remote_control,shoe_shop,iPod,modem,stethoscope,0.005434412,18477,logitechg
laptop,joystick,notebook,computer_keyboard,mouse,stage,desktop_computer,monitor,screen,0.004721471,16053,logitechg
fountain,web_site,church,bannister,comic_book,jigsaw_puzzle,spotlight,castle,chainlink_fence,0.014927647,50754,logitechg
home_theater,desktop_computer,monitor,screen,television,desk,entertainment_center,scoreboard,cinema,0.006418824,21824,logitechg
maraca,knee_pad,cowboy_hat,toilet_tissue,bath_towel,bonnet,gasmask,oxygen_mask,paper_towel,0.006116176,20795,logitechg
sandal,iron,barber_chair,knot,hook,whistle,dial_telephone,loupe,swing,0.006305882,21440,logitechg
web_site,comic_book,monitor,television,dishwasher,carton,remote_control,bannister,sax,0.007307647,24846,logitechg
envelope,binder,notebook,quill,mouse,paper_towel,book_jacket,desk,laptop,0.006972892,463,msi
web_site,hook,sewing_machine,toaster,switch,nail,loupe,hatchet,dishwasher,0.006460843,429,msi
spotlight,table_lamp,window_shade,lampshade,altar,umbrella,screen,web_site,monitor,0.003509036,233,msi
web_site,envelope,jean,kimono,abaya,Windsor_tie,poncho,gown,sunglasses,0.006762048,449,msi
monitor,web_site,desktop_computer,envelope,laptop,screen,notebook,tripod,window_shade,0.003900602,259,msi
sewing_machine,screwdriver,toaster,tape_player,cassette_player,CD_player,remote_control,Crock_Pot,joystick,0.008373494,556,msi
screen,desk,monitor,desktop_computer,printer,notebook,computer_keyboard,mouse,space_bar,0.004623494,307,msi
web_site,bikini,crossword_puzzle,notebook,carton,jean,menu,pajama,maillot,0.013207831,877,msi
desktop_computer,mouse,desk,computer_keyboard,monitor,screen,web_site,notebook,joystick,0.01621988,1077,msi
envelope,laptop,notebook,hard_disc,carton,binder,printer,cellular_telephone,wallet,0.007093373,471,msi
carton,laptop,envelope,binder,wallet,packet,mailbox,modem,web_site,0.012876506,855,msi
radio,hand-held_computer,notebook,laptop,modem,oscilloscope,web_site,tape_player,screwdriver,0.006731928,447,msi
desktop_computer,monitor,screen,accordion,television,desk,notebook,home_theater,loudspeaker,0.016189759,1075,msi
binder,notebook,envelope,carton,laptop,wallet,hard_disc,printer,photocopier,0.017981928,1194,msi
Persian_cat,guinea_pig,Norfolk_terrier,laptop,hamster,notebook,Norwich_terrier,Siamese_cat,mouse,0.009939759,660,msi
notebook,hand-held_computer,web_site,computer_keyboard,lab_coat,desktop_computer,laptop,desk,remote_control,0.011837349,786,msi
desktop_computer,radio,loudspeaker,monitor,screen,home_theater,television,microwave,entertainment_center,0.00498494,331,msi
pinwheel,envelope,necklace,coil,handkerchief,bow_tie,pot,kimono,carton,0.012786145,849,msi
pinwheel,envelope,carton,web_site,Band_Aid,packet,whistle,laptop,umbrella,0.041385542,2748,msi
wall_clock,pinwheel,envelope,analog_clock,umbrella,carton,coil,web_site,stopwatch,0.010361446,688,msi
envelope,pinwheel,carton,umbrella,traffic_light,coil,packet,spotlight,thresher,0.006054217,402,msi
envelope,carton,binder,umbrella,coil,book_jacket,packet,pinwheel,pillow,0.017710843,1176,msi
pinwheel,envelope,coil,carton,umbrella,web_site,traffic_light,safety_pin,thresher,0.006731928,447,msi
crossword_puzzle,web_site,vizsla,bloodhound,envelope,loupe,pug,analog_clock,electric_ray,0.006355422,422,msi
envelope,pinwheel,warplane,coil,wing,book_jacket,balloon,carton,umbrella,0.005481928,364,msi
envelope,carton,pinwheel,umbrella,coil,web_site,binder,rule,packet,0.010120482,672,msi
umbrella,coil,carton,balloon,envelope,bannister,packet,birdhouse,harvester,0.006174699,410,msi
coil,carton,envelope,pinwheel,umbrella,wing,paddlewheel,projectile,harvester,0.006445783,428,msi
coil,bannister,envelope,umbrella,carton,pinwheel,window_shade,packet,ashcan,0.007168675,476,msi
umbrella,pinwheel,envelope,carton,pencil_sharpener,coil,matchstick,stupa,packet,0.012831325,852,msi
envelope,coil,binder,umbrella,pinwheel,bannister,web_site,cinema,carton,0.007620482,506,msi
web_site,envelope,pug,Band_Aid,crossword_puzzle,tray,Windsor_tie,scoreboard,vizsla,0.012981928,862,msi
space_heater,binder,modem,microwave,bathtub,washer,measuring_cup,water_jug,refrigerator,0.00685241,455,msi
gown,jean,marimba,web_site,menu,pajama,bikini,bookshop,mountain_bike,0.018283133,1214,msi
binder,desktop_computer,envelope,rule,modem,laptop,remote_control,perfume,notebook,0.009096386,604,msi
digital_clock,envelope,radio,analog_clock,binder,modem,magnetic_compass,notebook,loudspeaker,0.006792169,451,msi
envelope,binder,wallet,carton,rule,paintbrush,packet,cleaver,handkerchief,0.007695783,511,msi
desk,web_site,desktop_computer,monitor,espresso_maker,loudspeaker,analog_clock,table_lamp,toaster,0.010933735,726,msi
web_site,monitor,desktop_computer,screen,television,notebook,laptop,home_theater,computer_keyboard,0.010888554,723,msi
notebook,laptop,cellular_telephone,face_powder,projector,sunglasses,carton,web_site,bathtub,0.005060241,336,msi
laptop,notebook,computer_keyboard,monitor,web_site,jigsaw_puzzle,mouse,screen,desktop_computer,0.007379518,490,msi
web_site,dishwasher,toaster,iron,envelope,washer,printer,hair_slide,photocopier,0.006460843,429,msi
notebook,studio_couch,laptop,grand_piano,bookcase,quilt,entertainment_center,library,desk,0.008403614,558,msi
laptop,notebook,accordion,harmonica,computer_keyboard,stage,space_bar,desktop_computer,upright,0.003509036,233,msi
bow_tie,suit,jean,crutch,groom,sunglasses,gown,Loafer,Windsor_tie,0.010677711,709,msi
lens_cap,car_wheel,washer,microwave,sunglass,car_mirror,window_screen,face_powder,crash_helmet,0.009849398,654,msi
web_site,envelope,jersey,hair_spray,abaya,cleaver,menu,lipstick,hair_slide,0.010150602,674,msi
laptop,monitor,desktop_computer,notebook,screen,stage,mouse,desk,home_theater,0.007093373,471,msi
web_site,menu,book_jacket,laptop,comic_book,wall_clock,envelope,analog_clock,brass,0.00625,415,msi
carton,notebook,studio_couch,desk,handkerchief,wardrobe,pajama,lab_coat,rocking_chair,0.004322289,287,msi
bookcase,medicine_chest,envelope,library,web_site,file,bookshop,wardrobe,desk,0.004081325,271,msi
notebook,laptop,cleaver,web_site,desk,ping-pong_ball,monitor,cellular_telephone,iPod,0.007454819,495,msi
desk,bookcase,library,notebook,file,plate_rack,laptop,entertainment_center,refrigerator,0.009924699,659,msi
balance_beam,hair_spray,ping-pong_ball,dumbbell,carton,wall_clock,shower_curtain,groom,ice_lolly,0.005873494,390,msi
suit,Windsor_tie,Loafer,bow_tie,trench_coat,jean,cardigan,miniskirt,Bouvier_des_Flandres,0.006039157,401,msi
miniskirt,overskirt,grand_piano,notebook,accordion,apron,window_shade,jean,flute,0.005421687,360,msi
CD_player,desktop_computer,modem,hard_disc,monitor,radio,tape_player,screen,cassette_player,0.00564759,375,msi
miniskirt,overskirt,hoopskirt,pajama,fur_coat,trench_coat,velvet,gown,feather_boa,0.01,664,msi
laptop,notebook,dishwasher,envelope,refrigerator,monitor,photocopier,web_site,printer,0.004834337,321,msi
trench_coat,fur_coat,mailbag,cellular_telephone,miniskirt,carton,sombrero,backpack,bow_tie,0.00436747,290,msi
notebook,laptop,desk,mouse,monitor,desktop_computer,screen,computer_keyboard,modem,0.008584337,570,msi
vase,sea_anemone,candle,toilet_tissue,swab,stinkhorn,hook,pillow,tray,0.00498494,331,msi
cleaver,tray,crossword_puzzle,notebook,envelope,running_shoe,quill,hotdog,cup,0.017756024,1179,msi
notebook,laptop,computer_keyboard,mouse,crossword_puzzle,desk,iPod,space_bar,modem,0.008689759,577,msi
altar,church,jigsaw_puzzle,castle,cab,street_sign,analog_clock,monastery,bell_cote,0.00686747,456,msi
menu,brass,screen,book_jacket,gas_pump,cash_machine,loudspeaker,web_site,CD_player,0.005753012,382,msi
web_site,desktop_computer,screen,monitor,desk,umbrella,laptop,notebook,comic_book,0.006340361,421,msi
envelope,cleaver,rule,laptop,Band_Aid,wallet,binder,shovel,letter_opener,0.021355422,1418,msi
television,home_theater,desktop_computer,screen,monitor,web_site,desk,sock,entertainment_center,0.002981928,198,msi
web_site,book_jacket,brass,lighter,oscilloscope,laptop,perfume,monitor,packet,0.00376506,250,msi
web_site,book_jacket,lighter,brass,perfume,oscilloscope,Polaroid_camera,menu,binder,0.009728916,646,msi
miniskirt,feather_boa,fur_coat,sunglasses,cowboy_boot,cowboy_hat,suit,sunglass,hoopskirt,0.003042169,202,msi
whistle,web_site,comic_book,envelope,jersey,bell_cote,apron,Band_Aid,lighter,0.003704819,246,msi
desktop_computer,monitor,desk,screen,radio,printer,upright,loudspeaker,modem,0.005512048,366,msi
web_site,cash_machine,desktop_computer,water_jug,desk,water_bottle,refrigerator,monitor,vending_machine,0.004743976,315,msi
radiator,ashcan,organ,forklift,refrigerator,library,washbasin,folding_chair,television,0.002364458,157,msi
web_site,liner,projector,missile,envelope,screen,amphibian,warplane,electric_fan,0.003990964,265,msi
switch,padlock,hook,safety_pin,combination_lock,paper_towel,can_opener,corkscrew,pick,0.003343373,222,msi
web_site,dishwasher,potter's_wheel,washbasin,iron,toilet_seat,soap_dispenser,desktop_computer,medicine_chest,0.003328313,221,msi
safety_pin,mailbag,envelope,buckle,wallet,chain,necklace,abaya,jean,0.00435241,289,msi
notebook,laptop,harp,web_site,desktop_computer,grand_piano,monitor,desk,gown,0.003463855,230,msi
abaya,notebook,grand_piano,web_site,gown,guillotine,pajama,breastplate,desk,0.005060241,336,msi
desk,desktop_computer,screen,web_site,monitor,television,notebook,loudspeaker,printer,0.003644578,242,msi
web_site,bakery,plane,honeycomb,book_jacket,lumbermill,lab_coat,desk,barbershop,0.002936747,195,msi
flute,oboe,bell_cote,bookshop,abaya,miniskirt,jean,groom,stole,0.008825301,586,msi
bookshop,notebook,web_site,projector,potter's_wheel,library,comic_book,book_jacket,grand_piano,0.003855422,256,msi
microphone,envelope,web_site,space_heater,hand_blower,electric_fan,iron,book_jacket,notebook,0.088222892,5858,msi
desktop_computer,computer_keyboard,printer,mouse,desk,modem,remote_control,monitor,home_theater,0.006174699,410,msi
groom,gown,brassiere,mask,hoopskirt,teddy,cellular_telephone,seat_belt,cowboy_hat,0.009593373,637,msi
web_site,harmonica,wig,book_jacket,microphone,lighter,chain_mail,television,fur_coat,1.054442771,70015,msi
groom,cleaver,lab_coat,carton,toilet_tissue,notebook,gown,envelope,pillow,0.007364458,489,msi
refrigerator,space_heater,microwave,binder,dishwasher,washer,desktop_computer,toaster,safe,0.003584337,238,msi
web_site,lens_cap,crash_helmet,reflex_camera,loudspeaker,microphone,analog_clock,perfume,monitor,0.00560241,372,msi
bubble,web_site,nematode,sax,loupe,cornet,hook,sunglasses,lighter,0.00375,249,msi
web_site,jersey,envelope,umbrella,sweatshirt,carton,comic_book,laptop,printer,0.003478916,231,msi
web_site,envelope,honeycomb,carton,screen,digital_clock,starfish,perfume,analog_clock,0.006415663,426,msi
web_site,electric_fan,spotlight,shovel,iron,table_lamp,hook,dishwasher,sewing_machine,0.011310241,751,msi
teddy,wine_bottle,lighter,kimono,binoculars,cup,soap_dispenser,corn,pot,0.007936747,527,msi
sandal,book_jacket,knot,abaya,mailbag,perfume,web_site,bolo_tie,buckle,0.003930723,261,msi
perfume,monitor,web_site,printer,sunscreen,cellular_telephone,refrigerator,packet,remote_control,0.007650602,508,msi
cash_machine,screen,monitor,desktop_computer,vending_machine,television,projector,washbasin,printer,0.004262048,283,msi
web_site,hook,table_lamp,toaster,quill,desk,tripod,sewing_machine,envelope,0.008795181,584,msi
pot,face_powder,lotion,mixing_bowl,buckle,bib,tray,soup_bowl,cup,0.00873494,580,msi
envelope,cleaver,letter_opener,hard_disc,binder,rule,carton,notebook,ballpoint,0.014728916,978,msi
desk,face_powder,lotion,lipstick,perfume,wardrobe,binder,dining_table,buckle,0.004954819,329,msi
monitor,table_lamp,desk,desktop_computer,screen,lampshade,grand_piano,spotlight,television,0.030798193,2045,msi
web_site,book_jacket,loudspeaker,digital_clock,caldron,packet,brass,cinema,lens_cap,0.019743976,1311,msi
web_site,book_jacket,television,comic_book,monitor,stage,screen,jigsaw_puzzle,cellular_telephone,0.016024096,1064,msi
gown,hoopskirt,overskirt,web_site,jean,iron,groom,sunglasses,apron,0.01310241,870,msi
book_jacket,barbershop,jersey,doormat,ashcan,cash_machine,hair_spray,puck,chainlink_fence,0.017966867,1193,msi
comic_book,web_site,toyshop,envelope,book_jacket,crib,tray,jigsaw_puzzle,safety_pin,0.007951807,528,msi
book_jacket,puck,lens_cap,packet,computer_keyboard,screw,perfume,pick,loudspeaker,0.005557229,369,msi
desktop_computer,mouse,computer_keyboard,monitor,screen,notebook,desk,joystick,space_bar,0.008343373,554,msi
abaya,vestment,hair_spray,poncho,wig,mask,cloak,chain_mail,gown,0.012756024,847,msi
book_jacket,jersey,web_site,brass,jean,cellular_telephone,stage,bulletproof_vest,comic_book,0.007424699,493,msi
scorpion,caldron,book_jacket,fountain,matchstick,brass,wok,perfume,jellyfish,0.016295181,1082,msi
brassiere,trilobite,car_mirror,sundial,brass,book_jacket,jellyfish,mousetrap,plastic_bag,0.005120482,340,msi
web_site,analog_clock,padlock,desk,carton,cornet,spotlight,electric_guitar,hair_spray,0.004593373,305,msi
desk,medicine_chest,desktop_computer,altar,wall_clock,refrigerator,toaster,screen,mouse,0.006837349,454,msi
suit,curly-coated_retriever,wool,stole,cardigan,notebook,miniskirt,studio_couch,projector,0.006385542,424,msi
web_site,crossword_puzzle,envelope,quilt,Windsor_tie,menu,laptop,slot,sock,0.008042169,534,msi
perfume,book_jacket,cellular_telephone,bubble,window_screen,stage,lab_coat,umbrella,web_site,0.005707831,379,msi
loudspeaker,spider_web,book_jacket,cassette_player,caldron,modem,frying_pan,face_powder,wok,0.008237952,547,msi
jersey,electric_guitar,hatchet,Band_Aid,pick,laptop,rifle,chain_saw,lighter,0.006355422,422,msi
umbrella,artichoke,cardoon,church,balloon,theater_curtain,flute,whistle,picket_fence,0.007454819,495,msi
bannister,fountain,web_site,envelope,cleaver,tub,laptop,shovel,plow,0.011596386,770,msi
cleaver,chain_mail,hatchet,jean,bulletproof_vest,breastplate,chain_saw,assault_rifle,rifle,0.005888554,391,msi
monitor,screen,jigsaw_puzzle,web_site,television,abacus,desk,entertainment_center,drilling_platform,0.011641566,773,msi
maraca,sunglasses,bucket,balloon,perfume,hand_blower,hamper,pick,sax,0.003795181,252,msi
suit,groom,oboe,bow_tie,Loafer,park_bench,web_site,cornet,jean,0.011777108,782,msi
web_site,harp,bookshop,panpipe,desk,menu,book_jacket,carton,television,0.006551205,435,msi
gown,groom,brassiere,hoopskirt,overskirt,feather_boa,bikini,pajama,miniskirt,0.007108434,472,msi
washbasin,bathtub,tub,desk,paper_towel,dining_table,medicine_chest,table_lamp,soap_dispenser,0.072274096,4799,msi
web_site,brassiere,gown,overskirt,hoopskirt,lab_coat,stole,miniskirt,jean,0.005150602,342,msi
analog_clock,spider_web,electric_fan,typewriter_keyboard,sundial,barn_spider,spotlight,book_jacket,barometer,0.400753012,26610,msi
analog_clock,typewriter_keyboard,combination_lock,scale,electric_fan,magnetic_compass,gong,sundial,spider_web,0.008373494,556,msi
crossword_puzzle,oscilloscope,book_jacket,analog_clock,rule,computer_keyboard,remote_control,scoreboard,slide_rule,0.006716867,446,msi
lab_coat,web_site,notebook,menu,binder,printer,crossword_puzzle,groom,desk,1.553403614,103146,msi
crossword_puzzle,sax,carton,remote_control,jersey,accordion,paper_towel,neck_brace,oboe,0.009262048,615,msi
printer,miniskirt,cash_machine,photocopier,gown,lab_coat,stole,jean,brassiere,0.005707831,379,msi
analog_clock,spider_web,electric_fan,typewriter_keyboard,spotlight,barn_spider,sundial,combination_lock,scale,0.009246988,614,msi
groom,web_site,torch,bookshop,abaya,comic_book,projector,coffee_mug,desk,0.004231928,281,msi
bubble,cornet,padlock,sax,electric_guitar,drum,slot,hair_spray,pick,0.005798193,385,msi
electric_fan,spider_web,typewriter_keyboard,analog_clock,combination_lock,spotlight,gong,sundial,scale,0.012936747,859,msi
bubble,padlock,cornet,hair_spray,stage,drum,electric_guitar,sax,comic_book,0.007153614,475,msi
web_site,comic_book,analog_clock,menu,book_jacket,television,laptop,envelope,screen,0.007108434,472,msi
web_site,lab_coat,harp,gown,menu,abaya,torch,panpipe,bannister,0.007620482,506,msi
studio_couch,window_shade,notebook,carton,jean,laptop,seat_belt,window_screen,vacuum,0.012033133,799,msi
jaguar,leopard,web_site,tiger_cat,cheetah,honeycomb,pajama,monitor,tiger,0.009246988,614,msi
web_site,gown,cloak,jean,lab_coat,trench_coat,rule,hoopskirt,carton,0.055858434,3709,msi
web_site,notebook,laptop,computer_keyboard,space_bar,monitor,desktop_computer,desk,mouse,0.008885542,590,msi
suit,bannister,prison,groom,jean,bow_tie,trench_coat,miniskirt,fur_coat,0.00996988,662,msi
leatherback_turtle,sweatshirt,loggerhead,hand_blower,jersey,tub,barbershop,comic_book,pajama,0.005692771,378,msi
laptop,wall_clock,envelope,analog_clock,scoreboard,web_site,book_jacket,jersey,comic_book,0.014427711,958,msi
notebook,laptop,file,printer,monitor,screen,television,web_site,desk,0.008027108,533,msi
web_site,groom,jean,hand_blower,clumber,notebook,Windsor_tie,envelope,gown,0.006460843,429,msi
analog_clock,laptop,spatula,rule,letter_opener,envelope,wall_clock,dishwasher,pick,0.03875,2573,msi
laptop,notebook,web_site,remote_control,iPod,envelope,cellular_telephone,hand-held_computer,printer,0.003358434,223,msi
web_site,monitor,groom,gown,lab_coat,dishwasher,jean,television,pajama,0.01125,747,msi
laptop,notebook,cello,accordion,cellular_telephone,suit,vestment,harp,sax,0.004036145,268,msi
desktop_computer,home_theater,monitor,entertainment_center,television,screen,desk,lampshade,table_lamp,0.003162651,210,msi
desktop_computer,television,monitor,abaya,desk,screen,notebook,laptop,crutch,0.004322289,287,msi
web_site,jean,groom,iron,Windsor_tie,abaya,lab_coat,menu,gown,0.007349398,488,msi
spotlight,home_theater,cinema,theater_curtain,stage,monitor,projector,trailer_truck,screen,0.002090592,60,prismplus
cinema,monitor,home_theater,television,screen,scoreboard,desktop_computer,stage,slot,0.002682927,77,prismplus
desktop_computer,monitor,laptop,notebook,screen,space_bar,computer_keyboard,modem,remote_control,0.002369338,68,prismplus
home_theater,desktop_computer,monitor,entertainment_center,desk,screen,mouse,computer_keyboard,joystick,0.005923345,170,prismplus
television,monitor,web_site,screen,cash_machine,cellular_telephone,scoreboard,laptop,printer,0.003763066,108,prismplus
desktop_computer,monitor,desk,screen,stage,laptop,notebook,mouse,television,0.002473868,71,prismplus
desktop_computer,monitor,screen,desk,home_theater,laptop,computer_keyboard,notebook,television,0.002334495,67,prismplus
home_theater,television,monitor,entertainment_center,screen,desk,desktop_computer,notebook,web_site,0.008885017,255,prismplus
desktop_computer,desk,laptop,notebook,mouse,monitor,computer_keyboard,web_site,screen,0.002195122,63,prismplus
monitor,desktop_computer,screen,desk,mouse,computer_keyboard,television,scoreboard,laptop,0.004041812,116,prismplus
monitor,desktop_computer,screen,television,home_theater,garbage_truck,desk,mouse,computer_keyboard,0.003275261,94,prismplus
desktop_computer,mouse,computer_keyboard,monitor,notebook,screen,joystick,laptop,space_bar,0.002264808,65,prismplus
desktop_computer,monitor,desk,screen,mouse,television,computer_keyboard,home_theater,notebook,0.002334495,67,prismplus
hoopskirt,bikini,gown,swing,overskirt,groom,brassiere,maillot,miniskirt,0.003240418,93,prismplus
home_theater,television,entertainment_center,projector,monitor,cinema,window_shade,screen,desktop_computer,0.002125436,61,prismplus
home_theater,television,desktop_computer,monitor,entertainment_center,desk,screen,jigsaw_puzzle,iPod,0.002648084,76,prismplus
notebook,monitor,screen,desk,home_theater,hard_disc,laptop,television,tape_player,0.004878049,140,prismplus
monitor,television,screen,slot,desktop_computer,home_theater,web_site,wall_clock,printer,0.003275261,94,prismplus
desktop_computer,laptop,notebook,monitor,screen,modem,web_site,desk,computer_keyboard,0.002334495,67,prismplus
television,tub,studio_couch,window_shade,groom,bathtub,screen,jigsaw_puzzle,window_screen,0.004355401,125,prismplus
park_bench,sundial,missile,forklift,shopping_cart,solar_dish,sandbar,lakeside,mailbox,0.00195122,56,prismplus
desktop_computer,monitor,desk,screen,mouse,computer_keyboard,television,home_theater,joystick,0.001602787,46,prismplus
abaya,cellular_telephone,scoreboard,fur_coat,web_site,television,desktop_computer,monitor,carton,0.001811847,52,prismplus
dining_table,laptop,notebook,desk,binder,studio_couch,toilet_seat,washbasin,folding_chair,0.003972125,114,prismplus
refrigerator,desk,projector,desktop_computer,oscilloscope,sewing_machine,dishwasher,microwave,screen,0.001881533,54,prismplus
monitor,jigsaw_puzzle,toyshop,comic_book,scoreboard,laptop,stage,web_site,television,0.002857143,82,prismplus
joystick,sombrero,iron,vacuum,sundial,sunglasses,spotlight,fountain,car_mirror,0.00523,36610,razer
abacus,mouse,computer_keyboard,desktop_computer,remote_control,desk,laptop,joystick,matchstick,0.004288286,30018,razer
monitor,notebook,laptop,web_site,desktop_computer,screen,television,computer_keyboard,cash_machine,0.003831143,26818,razer
digital_clock,analog_clock,digital_watch,stopwatch,oscilloscope,spotlight,bannister,computer_keyboard,odometer,0.012243571,85705,razer
flute,gasmask,oxygen_mask,oboe,trombone,sax,bassoon,microphone,laptop,0.000325857,2281,razer
digital_watch,traffic_light,gasmask,oscilloscope,digital_clock,stopwatch,brassiere,mask,spotlight,0.002582571,18078,razer
tabby,Egyptian_cat,tiger_cat,lynx,miniature_schnauzer,Cardigan,plastic_bag,bucket,pinwheel,0.003824429,26771,razer
digital_clock,oscilloscope,spotlight,analog_clock,bannister,window_shade,digital_watch,screen,television,0.004212,29484,razer
amphibian,canoe,trimaran,wreck,seashore,lakeside,catamaran,grey_whale,paddle,0.004605429,32238,razer
modem,radio,vase,remote_control,switch,ashcan,safe,pot,washbasin,0.008866714,62067,razer
gasmask,mask,ski_mask,oxygen_mask,snorkel,muzzle,water_bottle,abaya,crash_helmet,0.003391571,23741,razer
book_jacket,jersey,street_sign,alp,traffic_light,scoreboard,maze,comic_book,brass,0.001809571,12667,razer
pick,jersey,bib,wok,Band_Aid,comic_book,mouse,tray,sock,0.016954,118678,razer
gasmask,oxygen_mask,snorkel,scuba_diver,laptop,flute,lab_coat,sunglasses,bow_tie,0.012600857,88206,razer
oscilloscope,digital_clock,analog_clock,magnetic_compass,spotlight,odometer,digital_watch,electric_fan,projector,0.010822857,75760,razer
digital_clock,analog_clock,oscilloscope,digital_watch,spotlight,odometer,stopwatch,window_shade,bannister,0.001960857,13726,razer
computer_keyboard,space_bar,mouse,typewriter_keyboard,laptop,notebook,abacus,modem,remote_control,0.013527714,94694,razer
desk,television,desktop_computer,file,screen,bookcase,barber_chair,monitor,radio,0.004189429,29326,razer
home_theater,projector,space_heater,screen,monitor,traffic_light,fire_screen,loudspeaker,microwave,0.025638286,179468,razer
mouse,sandal,clog,cellular_telephone,backpack,Loafer,bib,mailbag,wall_clock,0.002972571,20808,razer
radio,switch,modem,remote_control,combination_lock,cellular_telephone,joystick,dial_telephone,magnetic_compass,0.038538143,269767,razer
cowboy_hat,gasmask,sombrero,revolver,harmonica,oxygen_mask,ski_mask,mask,microphone,0.003938,27566,razer
monitor,television,web_site,screen,home_theater,digital_clock,analog_clock,book_jacket,iPod,0.001651286,11559,razer
notebook,laptop,library,bookshop,desk,bookcase,lab_coat,comic_book,desktop_computer,0.007500429,52503,razer
coffee_mug,cup,hair_spray,lighter,water_bottle,lotion,microphone,water_jug,perfume,0.005744857,40214,razer
Polaroid_camera,cellular_telephone,reflex_camera,sunglasses,cup,coffee_mug,sunglass,web_site,menu,0.005476429,38335,razer
lighter,padlock,corkscrew,hook,soap_dispenser,chain,perfume,pencil_sharpener,washbasin,0.012676286,88734,razer
desk,rocking_chair,sewing_machine,crib,television,wardrobe,studio_couch,barber_chair,bookcase,0.015086111,5431,secretlab
sewing_machine,dumbbell,tripod,joystick,stretcher,ski,knee_pad,rifle,power_drill,0.004586111,1651,secretlab
backpack,abaya,wall_clock,throne,bulletproof_vest,dumbbell,electric_guitar,rocking_chair,web_site,0.0201,7236,secretlab
laptop,loudspeaker,desk,desktop_computer,file,radio,iPod,reflex_camera,notebook,0.008355556,3008,secretlab
bulletproof_vest,military_uniform,joystick,knee_pad,backpack,web_site,dumbbell,grand_piano,abaya,0.006841667,2463,secretlab
punching_bag,joystick,microphone,power_drill,stage,dumbbell,monitor,sombrero,cowboy_hat,0.005222222,1880,secretlab
barber_chair,desk,desktop_computer,dining_table,monitor,rocking_chair,grand_piano,screen,barbershop,0.007094444,2554,secretlab
ski_mask,bulletproof_vest,backpack,knee_pad,abaya,carpenter's_kit,sweatshirt,notebook,seat_belt,0.012311111,4432,secretlab
bath_towel,bib,carton,sweatshirt,poncho,cardigan,brassiere,wool,sock,0.018144444,6532,secretlab
punching_bag,rocking_chair,barbell,remote_control,throne,dumbbell,dalmatian,paper_towel,maillot,0.005994444,2158,secretlab
sewing_machine,espresso_maker,barber_chair,spotlight,barbershop,dalmatian,paper_towel,grand_piano,drum,0.005102778,1837,secretlab
projector,sewing_machine,pay-phone,television,scale,dial_telephone,upright,spotlight,iron,0.006938889,2498,secretlab
web_site,barber_chair,monitor,television,grand_piano,joystick,organ,home_theater,hand_blower,0.005158333,1857,secretlab
desk,barber_chair,sewing_machine,barbershop,rocking_chair,upright,grand_piano,accordion,joystick,0.006438889,2318,secretlab
rocking_chair,barber_chair,grand_piano,throne,toilet_seat,studio_couch,upright,stove,television,0.014569444,5245,secretlab
warplane,military_uniform,aircraft_carrier,stretcher,drum,throne,steam_locomotive,barbell,cannon,0.003744444,1348,secretlab
comic_book,electric_guitar,joystick,bulletproof_vest,jersey,backpack,breastplate,military_uniform,carpenter's_kit,0.010286111,3703,secretlab
jersey,mousetrap,screw,web_site,barbershop,electric_guitar,comic_book,football_helmet,stopwatch,0.025636111,9229,secretlab
notebook,seat_belt,laptop,cellular_telephone,monitor,hand-held_computer,sunglass,sunglasses,bathing_cap,0.004219444,1519,secretlab
desk,grand_piano,barber_chair,television,rocking_chair,studio_couch,sewing_machine,file,throne,0.019461111,7006,secretlab
freight_car,barbell,screwdriver,dumbbell,bathing_cap,carpenter's_kit,stretcher,aircraft_carrier,military_uniform,0.014616667,5262,secretlab
tripod,grand_piano,military_uniform,barber_chair,dial_telephone,joystick,pay-phone,desk,microphone,0.004488889,1616,secretlab
grand_piano,upright,barber_chair,throne,television,four-poster,breastplate,barbershop,rocking_chair,0.018222222,6560,secretlab
minivan,golfcart,cab,Model_T,patio,web_site,lawn_mower,convertible,binoculars,0.018736111,6745,secretlab
notebook,mouse,computer_keyboard,laptop,desk,desktop_computer,web_site,remote_control,cellular_telephone,0.009438889,3398,secretlab
desktop_computer,loudspeaker,monitor,printer,radio,screen,notebook,CD_player,tape_player,0.006294444,2266,secretlab
warplane,aircraft_carrier,projectile,missile,military_uniform,cannon,stretcher,steam_locomotive,wing,0.009052778,3259,secretlab
throne,abaya,seat_belt,jersey,barbershop,barber_chair,traffic_light,web_site,shoe_shop,0.004822222,1736,secretlab
lampshade,table_lamp,vestment,abaya,apron,handkerchief,perfume,kimono,binder,0.0069,2484,secretlab
notebook,dining_table,perfume,toaster,desk,loudspeaker,iPod,home_theater,radio,0.010891667,3921,secretlab
reflex_camera,joystick,desktop_computer,radio,web_site,screen,tripod,monitor,notebook,0.008041667,2895,secretlab
throne,military_uniform,bearskin,drum,breastplate,jinrikisha,backpack,electric_guitar,marimba,0.005263889,1895,secretlab
desk,desktop_computer,radio,barber_chair,modem,monitor,web_site,folding_chair,loudspeaker,0.005572222,2006,secretlab
bulletproof_vest,grand_piano,desk,electric_guitar,maillot,barber_chair,television,desktop_computer,slot,0.003205556,1154,secretlab
barber_chair,potter's_wheel,drum,grand_piano,desk,barbell,marimba,steel_drum,upright,0.006705556,2414,secretlab
breastplate,shield,gong,chain_mail,dial_telephone,safe,stage,suit,jersey,0.005416667,1950,secretlab
chain_saw,microphone,harmonica,scabbard,seat_belt,lighter,street_sign,hand_blower,lipstick,0.005130556,1847,secretlab
Christmas_stocking,throne,lampshade,rocking_chair,barber_chair,bakery,table_lamp,spatula,altar,0.004136111,1489,secretlab
car_mirror,digital_watch,purse,seat_belt,stopwatch,backpack,cellular_telephone,odometer,monitor,0.003994444,1438,secretlab
ashcan,freight_car,parking_meter,drum,scuba_diver,barber_chair,desktop_computer,pay-phone,safe,0.006058333,2181,secretlab
altar,stage,book_jacket,steam_locomotive,web_site,vestment,church,abaya,Indian_elephant,0.006525,2349,secretlab
projectile,hand_blower,missile,microphone,spotlight,web_site,space_shuttle,lipstick,airship,0.006927778,2494,secretlab
abaya,web_site,jersey,stage,perfume,throne,sweatshirt,packet,vestment,0.005033333,1812,secretlab
dumbbell,screwdriver,barbell,can_opener,corkscrew,picket_fence,scabbard,carpenter's_kit,rocking_chair,0.007911111,2848,secretlab
home_theater,monitor,screen,barber_chair,television,desktop_computer,stage,loudspeaker,desk,0.004966667,1788,secretlab
sandal,Loafer,face_powder,lens_cap,binoculars,rugby_ball,mouse,loupe,clog,0.006308333,2271,secretlab
web_site,space_shuttle,monitor,spotlight,screen,breastplate,television,bulletproof_vest,space_bar,0.007922222,2852,secretlab
grand_piano,barber_chair,bulletproof_vest,barbershop,television,home_theater,throne,violin,rifle,0.007858333,2829,secretlab
barber_chair,Christmas_stocking,rocking_chair,barbershop,file,desk,tub,toilet_seat,refrigerator,0.006433333,2316,secretlab
television,monitor,home_theater,parallel_bars,laptop,screen,neck_brace,notebook,CD_player,0.005780556,2081,secretlab
barber_chair,rocking_chair,grand_piano,dining_table,desk,electric_guitar,sewing_machine,throne,stove,0.005833333,2100,secretlab
barber_chair,drum,grand_piano,freight_car,throne,barbershop,desk,stage,rocking_chair,0.010780556,3881,secretlab
barber_chair,entertainment_center,television,studio_couch,home_theater,notebook,desktop_computer,rocking_chair,barbershop,0.008461111,3046,secretlab
desk,television,desktop_computer,screen,monitor,upright,grand_piano,joystick,notebook,0.005997222,2159,secretlab
radio,projector,desktop_computer,Polaroid_camera,reflex_camera,monitor,desk,screen,loudspeaker,0.004613889,1661,secretlab
projector,sewing_machine,pay-phone,television,scale,dial_telephone,upright,barber_chair,microphone,0.006688889,2408,secretlab
desktop_computer,CD_player,television,desk,rocking_chair,printer,home_theater,computer_keyboard,projector,0.026466667,9528,secretlab
shoe_shop,home_theater,stage,desktop_computer,sewing_machine,monitor,pool_table,joystick,projector,0.005227778,1882,secretlab
notebook,printer,laptop,desktop_computer,projector,photocopier,file,screen,monitor,0.005327778,1918,secretlab
computer_keyboard,desktop_computer,monitor,television,mouse,web_site,space_bar,notebook,screen,0.006494444,2338,secretlab
notebook,laptop,electric_guitar,loudspeaker,military_uniform,cornet,stage,rifle,violin,0.004608333,1659,secretlab
desktop_computer,file,desk,barber_chair,screen,monitor,laptop,electric_guitar,mouse,0.007091667,2553,secretlab
desktop_computer,desk,file,notebook,screen,monitor,laptop,mouse,projector,0.007288889,2624,secretlab
throne,home_theater,barber_chair,rocking_chair,stage,fountain,harp,breastplate,television,0.004425,1593,secretlab
stretcher,grand_piano,dumbbell,sewing_machine,barber_chair,bicycle-built-for-two,barbell,rocking_chair,pool_table,0.014941667,5379,secretlab
electric_guitar,grand_piano,joystick,drum,barbershop,switch,typewriter_keyboard,microphone,barber_chair,0.011352778,4087,secretlab
oscilloscope,monitor,screen,web_site,envelope,laptop,cash_machine,book_jacket,joystick,0.011908333,4287,secretlab
barber_chair,desk,desktop_computer,sewing_machine,home_theater,rocking_chair,bookcase,dining_table,barbershop,0.011113889,4001,secretlab
abacus,electric_guitar,stage,drumstick,joystick,computer_keyboard,mouse,remote_control,marimba,0.013908333,5007,secretlab
studio_couch,desk,quilt,rocking_chair,sewing_machine,television,bookcase,china_cabinet,refrigerator,0.016436111,5917,secretlab
military_uniform,warplane,aircraft_carrier,throne,drum,steam_locomotive,submarine,bulletproof_vest,backpack,0.009408333,3387,secretlab
monitor,desktop_computer,desk,home_theater,barber_chair,modem,grand_piano,joystick,screen,0.014597222,5255,secretlab
desk,CD_player,sewing_machine,hair_slide,sandal,buckle,rifle,pencil_box,rule,0.062277778,22420,secretlab
web_site,abaya,throne,lipstick,remote_control,book_jacket,iron,matchstick,kimono,0.009994444,3598,secretlab
home_theater,television,screen,desktop_computer,monitor,slot,loudspeaker,entertainment_center,joystick,0.011522222,4148,secretlab
web_site,syringe,wall_clock,spotlight,brassiere,hair_slide,kimono,rule,padlock,0.010797222,3887,secretlab
perfume,lipstick,seat_belt,purse,abaya,backpack,stopwatch,cellular_telephone,binder,0.007216667,2598,secretlab
steam_locomotive,mailbox,safe,stage,pay-phone,throne,barbershop,projector,web_site,0.007422222,2672,secretlab
web_site,seat_belt,microphone,throne,dial_telephone,gasmask,bulletproof_vest,maillot,spotlight,0.005727778,2062,secretlab
scuba_diver,sandal,comic_book,bulletproof_vest,electric_guitar,drum,stage,bicycle-built-for-two,knee_pad,0.008266667,2976,secretlab
home_theater,monitor,screen,television,desktop_computer,racer,desk,motor_scooter,slot,0.009541667,3435,secretlab
comic_book,jersey,sweatshirt,packet,book_jacket,pick,laptop,binder,can_opener,0.018255556,6572,secretlab
barber_chair,throne,desk,rocking_chair,barbershop,abaya,joystick,traffic_light,web_site,0.015088889,5432,secretlab
bathtub,tub,washbasin,ski,sewing_machine,carton,soap_dispenser,toilet_seat,warplane,0.014975,5391,secretlab
hand_blower,chain_saw,iron,power_drill,electric_guitar,can_opener,motor_scooter,neck_brace,joystick,0.005925,2133,secretlab
stage,electric_guitar,drum,shoe_shop,ashcan,scuba_diver,maillot,accordion,unicycle,0.004913889,1769,secretlab
envelope,packet,wallet,mailbox,carton,web_site,hard_disc,matchstick,jean,0.004075,1467,secretlab
desktop_computer,computer_keyboard,notebook,mouse,monitor,television,radio,screen,desk,0.011541667,4155,secretlab
sock,electric_guitar,microphone,ski,jersey,hook,running_shoe,binoculars,hatchet,0.004066667,1464,secretlab
joystick,analog_clock,screw,wall_clock,drum,desk,microphone,electric_guitar,dining_table,0.005616667,2022,secretlab
notebook,laptop,monitor,desktop_computer,computer_keyboard,mouse,screen,hand-held_computer,web_site,0.007019444,2527,secretlab
grand_piano,upright,barber_chair,web_site,shoe_shop,desk,organ,throne,home_theater,0.008077778,2908,secretlab
slot,throne,shoe_shop,stage,desktop_computer,spotlight,rocking_chair,barber_chair,monitor,0.0131,4716,secretlab
running_shoe,sock,electric_guitar,comic_book,sandal,knee_pad,space_shuttle,shoe_shop,packet,0.004580556,1649,secretlab
electric_guitar,rocking_chair,comic_book,jersey,analog_clock,bulletproof_vest,sweatshirt,wall_clock,binder,0.005527778,1990,secretlab
hard_disc,laptop,desk,desktop_computer,notebook,monitor,home_theater,projector,CD_player,0.004161111,1498,secretlab
monitor,desktop_computer,CD_player,radio,television,home_theater,screen,computer_keyboard,desk,0.004630556,1667,secretlab
spotlight,bannister,bathtub,fountain,web_site,church,digital_clock,seat_belt,book_jacket,0.010972222,3950,secretlab
projector,television,printer,monitor,home_theater,dumbbell,photocopier,laptop,space_bar,0.004266667,1536,secretlab
Polaroid_camera,espresso_maker,sewing_machine,joystick,pencil_sharpener,tripod,projector,screw,binoculars,0.008444444,3040,secretlab
web_site,desk,monitor,digital_clock,screen,umbrella,book_jacket,desktop_computer,bannister,0.007419444,2671,secretlab
turnstile,pool_table,web_site,television,dining_table,upright,pole,parallel_bars,bannister,0.014319444,5155,secretlab
rule,guillotine,digital_clock,bannister,crane,CD_player,balance_beam,projectile,paddlewheel,0.007297222,2627,secretlab
rocking_chair,barber_chair,Christmas_stocking,dining_table,china_cabinet,entertainment_center,studio_couch,desk,toyshop,0.008975,3231,secretlab
web_site,pencil_box,carton,pillow,packet,envelope,cash_machine,mouse,jersey,0.006869444,2473,secretlab
wall_clock,drum,stopwatch,shopping_cart,analog_clock,backpack,digital_clock,ski,electric_guitar,0.007722222,2780,secretlab
bulletproof_vest,web_site,snowmobile,backpack,projectile,radio,loudspeaker,knee_pad,computer_keyboard,0.000955556,344,secretlab
web_site,menu,envelope,bubble,loupe,spider_web,barometer,car_mirror,monitor,0.012563889,4523,secretlab
bulletproof_vest,military_uniform,rifle,stretcher,backpack,warplane,assault_rifle,projectile,knee_pad,0.006483333,2334,secretlab
joystick,radio,electric_guitar,oscilloscope,harmonica,whistle,comic_book,loudspeaker,slot,0.013377778,4816,secretlab
desktop_computer,desk,screen,monitor,grand_piano,stage,electric_guitar,computer_keyboard,acoustic_guitar,0.008091667,2913,secretlab
television,bulletproof_vest,mouse,desktop_computer,breastplate,stage,jersey,throne,home_theater,0.005608333,2019,secretlab
web_site,knee_pad,comic_book,scuba_diver,traffic_light,television,lawn_mower,racer,electric_guitar,0.005216667,1878,secretlab
projector,desktop_computer,screen,radio,CD_player,file,monitor,desk,cannon,0.016352778,5887,secretlab
desk,desktop_computer,screen,monitor,television,computer_keyboard,notebook,laptop,analog_clock,0.005563889,2003,secretlab
home_theater,television,desk,desktop_computer,monitor,throne,screen,barber_chair,cinema,0.008011111,2884,secretlab
iPod,cellular_telephone,seat_belt,punching_bag,knee_pad,reflex_camera,microphone,jersey,bulletproof_vest,0.006994444,2518,secretlab
typewriter_keyboard,space_bar,computer_keyboard,desktop_computer,screen,printer,mouse,joystick,loudspeaker,0.007577778,2728,secretlab
bulletproof_vest,electric_guitar,Christmas_stocking,apron,jersey,sock,holster,can_opener,maillot,0.009802778,3529,secretlab
television,web_site,monitor,screen,barber_chair,barbershop,folding_chair,desktop_computer,brassiere,0.006611111,2380,secretlab
barber_chair,military_uniform,desktop_computer,radio,desk,joystick,motor_scooter,warplane,notebook,0.008941667,3219,secretlab
throne,spotlight,stage,grand_piano,home_theater,tripod,loudspeaker,submarine,desk,0.005763889,2075,secretlab
home_theater,screen,monitor,television,slot,desktop_computer,computer_keyboard,throne,stage,0.005061111,1822,secretlab
web_site,teddy,television,book_jacket,jeep,space_shuttle,abaya,Lakeland_terrier,tractor,0.010922222,3932,secretlab
bulletproof_vest,digital_watch,radio,backpack,digital_clock,switch,knee_pad,web_site,electric_guitar,0.006172222,2222,secretlab
snowmobile,bicycle-built-for-two,web_site,electric_guitar,bobsled,knee_pad,backpack,grand_piano,carpenter's_kit,0.004505556,1622,secretlab
web_site,abaya,stole,seat_belt,sock,bow_tie,kimono,backpack,Windsor_tie,0.009827778,3538,secretlab
military_uniform,breastplate,reflex_camera,gasmask,chain_mail,backpack,joystick,cuirass,perfume,0.0077,2772,secretlab
desktop_computer,television,screen,monitor,desk,home_theater,web_site,laptop,notebook,0.008230556,2963,secretlab
web_site,jersey,comic_book,television,banjo,space_shuttle,sax,envelope,book_jacket,0.007688889,2768,secretlab
punching_bag,mouse,sandal,water_bottle,cellular_telephone,chain,abaya,hook,backpack,0.018895,18895,steelseries
desktop_computer,monitor,laptop,screen,projector,mouse,joystick,spotlight,notebook,0.014405,14405,steelseries
jigsaw_puzzle,confectionery,maze,grocery_store,cauliflower,balloon,carton,monitor,web_site,0.006338,6338,steelseries
soccer_ball,buckle,sandal,mouse,wallet,mousetrap,pencil_sharpener,basketball,hair_slide,0.021846,21846,steelseries
electric_fan,projector,reflex_camera,sandal,buckle,sewing_machine,lens_cap,magnetic_compass,pencil_sharpener,0.010201,10201,steelseries
cassette,wallet,buckle,loupe,cassette_player,pencil_sharpener,lighter,chest,mousetrap,0.015785,15785,steelseries
face_powder,Band_Aid,buckle,envelope,lipstick,tray,scale,lighter,pencil_box,0.016492,16492,steelseries
mouse,space_heater,goblet,red_wine,wine_bottle,stove,cellular_telephone,perfume,fire_screen,0.012043,12043,steelseries
torch,stage,microphone,spotlight,reflex_camera,drum,cornet,mask,gasmask,0.007557,7557,steelseries
jean,moped,bicycle-built-for-two,miniskirt,cellular_telephone,groom,Loafer,suit,marimba,0.01869,18690,steelseries
computer_keyboard,monitor,scoreboard,medicine_chest,screen,desktop_computer,abacus,loudspeaker,waffle_iron,0.016563,16563,steelseries
mouse,hand_blower,punching_bag,stopwatch,Loafer,clog,matchstick,chain,shield,0.020876,20876,steelseries
necklace,airship,punching_bag,balloon,swing,parachute,spotlight,mouse,hair_slide,0.016969,16969,steelseries
binder,wallet,packet,handkerchief,Band_Aid,purse,envelope,jean,laptop,0.051886,51886,steelseries
pinwheel,balloon,envelope,ping-pong_ball,pool_table,rule,shower_curtain,crib,maraca,0.020305,20305,steelseries
mailbag,purse,computer_keyboard,radio,menu,hard_disc,screen,mouse,laptop,0.022165,22165,steelseries
computer_keyboard,space_bar,mouse,monitor,screen,medicine_chest,laptop,typewriter_keyboard,vending_machine,0.007371,7371,steelseries
pool_table,table_lamp,web_site,spotlight,maraca,candle,balloon,plate_rack,bubble,0.0101,10100,steelseries
bakery,pill_bottle,clog,dough,thimble,space_bar,cucumber,shoe_shop,necklace,0.024719,24719,steelseries
home_theater,monitor,stage,desktop_computer,projector,television,screen,washbasin,spotlight,0.017862,17862,steelseries
mouse,modem,radio,ski,pole,reel,racer,pencil_sharpener,paddle,0.076094,76094,steelseries
restaurant,groom,menu,lab_coat,bakery,radio,space_shuttle,gown,washbasin,0.023766,23766,steelseries
mouse,perfume,sandal,cellular_telephone,goblet,spotlight,wine_bottle,backpack,clog,0.024524,24524,steelseries
iron,mortarboard,envelope,sewing_machine,binder,web_site,jigsaw_puzzle,CD_player,toilet_seat,0.040468,40468,steelseries
digital_clock,analog_clock,comic_book,scuba_diver,loudspeaker,web_site,monitor,cab,stage,0.033455,33455,steelseries
web_site,television,screen,notebook,monitor,laptop,jersey,comic_book,book_jacket,0.023394,23394,steelseries
space_bar,desktop_computer,computer_keyboard,mouse,modem,remote_control,typewriter_keyboard,notebook,joystick,0.010607,10607,steelseries
tray,doormat,handkerchief,jersey,envelope,pillow,purse,wallet,face_powder,0.009707,9707,steelseries
pick,bolo_tie,microphone,ladle,spatula,whistle,jersey,hair_slide,wooden_spoon,0.012849,12849,steelseries
digital_clock,scoreboard,web_site,cassette_player,stopwatch,cassette,bulletproof_vest,analog_clock,tape_player,0.01707,17070,steelseries
buckle,reflex_camera,microphone,lighter,sandal,combination_lock,lens_cap,binoculars,sunglass,0.003572,3572,steelseries
oscilloscope,mouse,football_helmet,lighter,desktop_computer,French_horn,cornet,shield,theater_curtain,0.003748,3748,steelseries
monitor,home_theater,screen,digital_clock,analog_clock,television,scoreboard,cinema,desktop_computer,0.011496,11496,steelseries
seat_belt,crash_helmet,knee_pad,packet,backpack,mailbag,cellular_telephone,poncho,loudspeaker,0.005349,5349,steelseries
shield,bolo_tie,hair_slide,scabbard,ballpoint,pick,breastplate,ladle,hook,0.010848,10848,steelseries
iPod,cellular_telephone,envelope,jersey,notebook,binder,wallet,hard_disc,lighter,0.024983,24983,steelseries
studio_couch,desk,dining_table,wallet,monitor,quilt,wardrobe,four-poster,desktop_computer,0.017879,17879,steelseries
computer_keyboard,notebook,space_bar,laptop,mouse,desktop_computer,desk,typewriter_keyboard,hand-held_computer,0.00806,8060,steelseries
mouse,radio,syringe,pencil_sharpener,vacuum,modem,bubble,CD_player,screwdriver,0.018146,18146,steelseries
iPod,cellular_telephone,laptop,digital_clock,stopwatch,notebook,jersey,web_site,desktop_computer,0.011697,11697,steelseries
projector,buckle,microphone,radio,cellular_telephone,CD_player,reflex_camera,seat_belt,wing,0.013736,13736,steelseries
web_site,envelope,laptop,comic_book,hard_disc,remote_control,menu,pick,jersey,0.017927,17927,steelseries
envelope,web_site,dishwasher,printer,paper_towel,refrigerator,washbasin,binder,soap_dispenser,0.010522,10522,steelseries
mouse,lampshade,hand_blower,crash_helmet,microphone,toaster,space_heater,mask,perfume,0.020209,20209,steelseries
wallet,envelope,purse,mailbag,shovel,loupe,paintbrush,muzzle,hook,0.013297,13297,steelseries
digital_clock,abacus,remote_control,web_site,hand-held_computer,analog_clock,desktop_computer,computer_keyboard,modem,0.0205,20500,steelseries
chain,bolo_tie,necklace,hook,padlock,buckle,pick,microphone,whistle,0.014192,14192,steelseries
combination_lock,reflex_camera,lens_cap,padlock,gasmask,whistle,loudspeaker,web_site,loupe,0.00852,8520,steelseries
bonnet,gasmask,lens_cap,stethoscope,microphone,ballplayer,lab_coat,revolver,bathing_cap,0.030908,30908,steelseries
web_site,book_jacket,envelope,matchstick,street_sign,pick,packet,perfume,padlock,0.015921,15921,steelseries
wall_clock,analog_clock,mailbag,hand-held_computer,binder,envelope,cellular_telephone,radio,hard_disc,0.014677,14677,steelseries
projector,desktop_computer,mouse,monitor,screen,CD_player,television,desk,home_theater,0.016453,16453,steelseries
syringe,damselfly,traffic_light,dragonfly,ambulance,screwdriver,hair_slide,lighter,wing,0.00915,9150,steelseries
toaster,abacus,thimble,screw,wall_clock,coil,matchstick,radiator,maze,0.018795,18795,steelseries
stage,fountain,balance_beam,spotlight,balloon,theater_curtain,toyshop,feather_boa,joystick,0.018652,18652,steelseries
safe,reflex_camera,projector,radio,combination_lock,spotlight,cuirass,toaster,monitor,0.016414,16414,steelseries
umbrella,sunglasses,envelope,syringe,drumstick,pinwheel,notebook,bubble,spatula,0.018205,18205,steelseries
